/*
 * QUESTO FILE CONTIENE TUTTO IL CODICE UTILE-NECESSARIO-INDISPENSABILE PER L'INSERIMENTO DEI DATI IN TUTTE LE TABELLE DEL
 * DATABASE DI PADUPIZZA.
 * IL CORRETTO UTILIZZO È MOLTO SEMPLICE ED INTUITIVO;
 * VI SONO DUE POSSIBILITÀ DI INSERIMENTO:
 * 1) COPIA-INCOLLA DEL CODICE SOTTOSTANTE NELLA SEZIONE "Query Tool" DEL SOFTWARE PgAdmin4©, PER POI L'ESECUZIONE DELLA
 *	  TRANSAZIONE
 * 2) NELLA SEZIONE "Query Tool" DEL SOFTWARE PgAdmin4©, UTILIZZANDO IL TASTO "Open File", È POSSIBILE SELEZIONARE UN FILE
 *    CON ESTENSIONE ".sql" PER L'IMPORTAZIONE DI CODICE DA ESEGUIRE NELLA QUERY. SELEZIONANDO QUESTA ALTERNATIVA, IL CODICE
 *    IN QUESTIONE SI TROVERÀ NEL PATH "~/PaduPizza/SQL/fill_tables.sql", DOVE "~" INDICA TUTTO IL PERCORSO DI CARTELLE NELLA
 *    MACCHINA DELL'UTENTE UTILIZZATORE RAPPRESENTANTE LA DIRECTORY MADRE, CONTENENTE LA DIRECTORY PADUPIZZA.
*/

/*
 * Query necessaria per l'inserimento di tutti i dati utili nella tabella calendario
*/
INSERT INTO calendario (id, giorno_chiusura, ora_apertura, ora_chiusura) VALUES
	(1, 1, '18:00', '22:00'),
	(2, 2, '18:00', '22:00'),
	(3, 3, '18:00', '22:00'),
	(4, 4, '18:00', '22:00'),
	(5, 5, '18:00', '22:00'),
	(6, 1, '17:30', '22:00'),
	(7, 2, '17:30', '22:00'),
	(8, 3, '17:30', '22:00'),
	(9, 4, '17:30', '22:00'),
	(10, 5, '17:30', '22:00'),
	(11, 1, '18:00', '24:00'),
	(12, 2, '18:00', '24:00'),
	(13, 3, '18:00', '24:00'),
	(14, 4, '18:00', '24:00'),
	(15, 5, '18:00', '24:00');

/*
 * Query da utilizzare per l'inserimento di tutti i dati necessari nella tabella contenente gli ingredienti utili per
 * la creazione delle pizze
*/
INSERT INTO ingrediente (nome, conservazione) VALUES
	('Farina', 'Fuori frigo'),
	('Palline di pasta normale', 'Frigo'),
	('Palline di pasta famiglia', 'Frigo'),
	('Palline di pasta integrale', 'Frigo'),
	('Pomodoro', 'Fuori frigo'),
	('Origano', 'Fuori frigo'),
	('Aglio', 'Fuori frigo'),
	('Mozzarella', 'Frigo'),
	('Salamino piccante', 'Frigo'),
	('Würstel', 'Frigo'),
	('Prosciutto cotto', 'Frigo'),
	('Speck', 'Frigo'),
	('Porchetta', 'Frigo'),
	('Bresaola', 'Frigo'),
	('Pancetta affumicata', 'Frigo'),
	('Salsiccia', 'Frigo'),
	('Sfilacci di cavallo', 'Frigo'),
	('Lardo', 'Frigo'),
	('Pancetta arrotolata', 'Frigo'),
	('Sopressa', 'Frigo'),
	('Prosciutto crudo', 'Frigo'),
	('Asparagi', 'Fuori frigo'),
	('Funghi', 'Fuori frigo'),
	('Carciofi', 'Fuori frigo'),
	('Olive', 'Fuori frigo'),
	('Olive verdi', 'Fuori frigo'),
	('Olive nere', 'Fuori frigo'),
	('Olive taggiasche', 'Fuori frigo'),
	('Peperoni', 'Frigo'),
	('Peperoni grigliati', 'Frigo'),
	('Peperoni al forno', 'Frigo'),
	('Capperi', 'Fuori frigo'),
	('Zucchine grigliate', 'Frigo'),
	('Melanzane', 'Frigo'),
	('Melanzane grigliate', 'Frigo'),
	('Patate fritte', 'Freezer'),
	('Patate al forno', 'Frigo'),
	('Zucchine', 'Frigo'),
	('Cipolla rossa', 'Fuori frigo'),
	('Cipolla bianca', 'Fuori frigo'),
	('Funghi Porcini', 'Funghi frigo'),
	('Spinaci', 'Frigo'),
	('Rucola', 'Frigo'),
	('Pomodorini', 'Frigo'),
	('Basilico', 'Frigo'),
	('Piselli', 'Fuori frigo'),
	('Mais', 'Fuori frigo'),
	('Funghi Chiodini', 'Fuori frigo'),
	('Tartufo nero', 'Frigo'),
	('Tartufo bianco', 'Frigo'),
	('Crema di funghi', 'Frigo'),
	('Crema di zucca', 'Frigo'),
	('Peperoncino', 'Fuori frigo'),
	('Noci', 'Fuori frigo'),
	('Pere', 'Fuori frigo'),
	('Ananas', 'Frigo'),
	('Radicchio', 'Frigo'),
	('Radicchio di Treviso', 'Frigo'),
	('Radicchio di Chioggia', 'Frigo'),
	('Pinoli', 'Fuori frigo'),
	('Rosmarino', 'Fuori frigo'),
	('Pesto genovese', 'Frigo'),
	('Formaggio Asiago', 'Frigo'),
	('Formaggio Gorgonzola', 'Frigo'),
	('Grana Padano', 'Frigo'),
	('Ricotta', 'Frigo'),
	('Mozzarella di Bufala', 'Frigo'),
	('Panna', 'Frigo'),
	('Philadelphia', 'Frigo'),
	('Provola', 'Frigo'),
	('Provola affumicata', 'Frigo'),
	('Burrata', 'Frigo'),
	('Briè', 'Frigo'),
	('Stracchino', 'Frigo'),
	('Acciughe', 'Frigo'),
	('Salmone affumicato', 'Frigo'),
	('Tonno sott''olio', 'Fuori frigo'),
	('Frutti di mare', 'Frigo'),
	('Gamberetti', 'Frigo'),
	('Polpa di granchio', 'Frigo'),
	('Tonno', 'Fuori Frigo');

/*
 * Query da utilizzare per l'inserimento di tutti i dati necessari nella tabella formato_pizza, utili per
 * la distinzione dei vari formati delle pizze negli ordini
*/
INSERT INTO formato_pizza VALUES 
	('Mignon', -1.00),
	('Normale', 0.00),
	('Famiglia', 1.00),
	('Doppia pasta', 1.50),
	('Integrale', 1.50),
	('Calzone', 0.50);

/*
 * Query per l'inserimento di tutti i dati necessari nella tabella cliente
*/
INSERT INTO cliente (cognome,indirizzo) VALUES
	('Rossi','Via Francesco Girardi 128, Padova, PD'),
	('Villa','Via Sedile di Porto 23, Padova, PD'),
	('Esposito','Via Giotto 64, Verona, VR'),
	('Gentile','Via Santa Teresa degli Scalzi 128, Tombolo, PD'),
	('Bruno','Via Croce Rossa, 101, Vigodarzere, PD'),
	('Ferrante','Via Adua, 7, Creazzo, VI'),
	('Ferrero','Viale Maria Cristina di Savoia, 42, Cittadella, PD'),
	('Montanari','Via Corio, 60, Arginello, RO'),
	('Pagano','Via Scura, 146, Limana, BL'),
	('Farina','Via Bologna, 88, Mestre, VE'),
	('De Santis','Vicolo Marchetti, 100, Venezia, VE'),
	('Caruso','Via del Carmine, 81, Dolo, VE'),
	('Napolitano','Via Depretis, 109, Feltre, BL'),
	('Caruso','Via Partenope, 42, Marcon, TV'),
	('Mele','Piazza San Carlo, 24, Camposampiero, PD'),
	('Bernardi','Via Torre di Mezzavia, 146, Sarzano, RO'),
	('Santoro','Via Acrone, 125, Jesolo, VE'),
	('Ferrero','Via Matteo Schilizzi, 79, Nogarazza, VI'),
	('Lombardo','Via dei Serpenti, 109, Ospedaletto, VI'),
	('Pastore','Via Bologna, 133, Cadoneghe, PD'),
	('Moro','Via Duomo, 49, Creazzo, VI'),
	('Ferraro','Strada Statale, 113, Padova, PD'),
	('Barone','Via del Carmine, 35, Loria, TV'),
	('Perrone','Via Antonio Beccadelli, 105, Marola, VI'),
	('Farina','Via Nazionale, 75, Abano Terme, PD'),
	('Rizzi','Via delle Mura Gianicolensi, 43, Paese, TV'),
	('Grasso','Via Belviglieri, 107, Verona, VR'),
	('Valente','Via Goffredo Mameli, 49, San Zeno, VI'),
	('Giuliani','Via Lombardi, 111, Buso, RO'),
	('Piras','Via Carlo Alberto, 66, Sedico, BL'),
	('De Rosa','Via Domenico Morelli, 100, Castion, BL'),
	('Grasso','Via Foria, 120, Onari, RO'),
	('Pinna','Via Croce Rossa, 149, Raldon, VR'),
	('Sorrentino','Via Giotto, 144, Bosaro, RO'),
	('Rinaldi','Via Santa Teresa, 94, Rizza, VR'),
	('Grasso','Piazza Garibaldi, 144, Revine, BL'),
	('Fumagalli','Via del Caggio, 138, Campodoro, PD'),
	('Costantini','Via Foria, 133, Vigardolo, VI'),
	('Esposito','Piazza Mercato, 43, Sopracorda, BL'),
	('Ferretti','Viale Ippocrate, 72, Caorle, VE'),
	('De Santis','Via Capo le Case, 134, Buso, RO'),
	('Bruni','Via Paolo Gaidano, 17, Arginello, RO'),
	('Martini','Corso Porta Nuova, 117, Padova, PD'),
	('Villa','Via del Caggio, 85, Villamarzana, RO'),
	('Milani','Via Giulio Petroni, 32, Sommavalle, VR'),
	('Catalano','Via Adua, 40, Belluno, BL'),
	('Sala','Via Archimede, 136, Castelfranco Veneto, TV'),
	('Parisi','Piazzetta Concordia, 141, Pedavena, BL'),
	('Riva','Via Varrone, 84, Sedico, BL'),
	('Montanari','Via Piave, 98, Mira, VE'),
	('Grassi','Via Miguel de Cervantes, 34, Caorle, VE'),
	('Sala','Via del Pontiere, 150, Quinto Vicentino, VI'),
	('Ferro','Piazza Principe Umberto, 102, Cavazzale, VI'),
	('Moro','Via Genova, 121, Arginello, RO'),
	('Pinna','Via Foria, 98, Istrana, TV'),
	('Serra','Via Nicola Mignogna, 17, Meolo, VE'),
	('Albanese','Via delle Coste, 68, Onari, RO'),
	('Bianco','Via Rosmini, 141, Treviso, TV'),
	('Greco','Via Medina, 72, Raldon, VR'),
	('Messina','Via del Carmine, 42, San Zeno, VI'),
	('Ferro','Via Zannoni, 72, Revine, BL'),
	('Grimaldi','Via Francesco Saverio Correra, 34, Rizza, VR'),
	('Sala','Viale delle Province, 54, Padova, PD'),
	('Villa','Lungodora Napoli, 112, Corno Alto, VR'),
	('Benedetti','Via del Mascherone, 109, Creazzo, VI'),
	('Conte','Piazza della Repubblica, 52, Verona, VR'),
	('Di Stefano','Via delle Azalee, 28, Ospedaletto, VI'),
	('Russo','Piazza San Carlo, 40, Campodarsego, PD'),
	('Leone','Viale Augusto, 126, Giaron, VR'),
	('Sanna','Via Galileo Ferraris, 122, Casion, BL'),
	('Antonelli','Piazza Garibaldi, 2, San Donà di Piave, VE'),
	('Vitale','Discesa Gaiola, 137, Forette, VR'),
	('Palumbo','Via Torricelli, 138, Sarzano, RO'),
	('Aiello','Viale Augusto, 115, Revine, BL'),
	('Sanna','Via Capo le Case, 78, Abano Terme, PD'),
	('Proietti','Via Antonio da Legnago, 142, Cittadella, PD'),
	('Conte','Via delle Coste, 119, TOmbolo, PD'),
	('Conte','Via Galvani, 44, Nogarazza, VI'),
	('Costantini','Via Leopardi, 133, Rovigo, RO'),
	('Ferrara','Corso Novara, 95, Treviso, TV'),
	('Sorrentino','Viale Augusto, 57, Quinto Vicentino, VI'),
	('Vitali','Via Vipacco, 96, Collungo, BL'),
	('Ruggiero','Via Acrone, 127, Limana, BL'),
	('Ricciardi','Via Bernardino Rota, 74, Pedavena, BL'),
	('Sanna','Via Adua, 17, Cavazzale, VI'),
	('Ferrante','Via Foria, 71, Castion, BL'),
	('Zanetti','Via Licola Patria, 125, Cadoneghe, PD'),
	('Valentini','Piazza Mercato, 46, Villamarzana, RO'),
	('Vitale','Via Cavour, 97, Feltre, BL'),
	('Martinelli','Via Roma, 112, Camposampiero, PD'),
	('Martini','Via Guantai Nuovi, 11, Grompo, RO'),
	('Costa','Strada Provinciale 65, 395, Treviso, TV'),
	('Ferri','Via del Carmine, 67, Marola, VI'),
	('Pellegrino','Via del Caggio, 25, Castelfranco Veneto, TV'),
	('Ferrante','Via Guantai Nuovi, 86, Dolo, VE'),
	('Catalano','Via Piccinni, 143, Sarzano, RO'),
	('Franco','Corso Novara, 93, Vigardolo, VI'),
	('Brambilla','Via Piave, 41, Cittadella, PD'),
	('Catalano','Via Giacinto Gigante, 77, Forette, VR'),
	('Ferraro','Corso Porta Nuova, 11, Verona, VR');

/*
 * Query necessaria per l'inserimento di tutti i dati utili nella tabella lavoro
*/
INSERT INTO lavoro (impiego, stipendio) VALUES
	('Domiciliare_Furgone', 25.0),
	('Domiciliare_Macchina', 20.0),
	('Cassiere', 30.0),
	('Pizzaiolo', 40.0),
	('Aiuto_Pizzaiolo', 35.0);

/*
 * Query necessaria per l'inderimento di tutti i dati utili nella tabella tipo_pagamento
*/
INSERT INTO tipo_pagamento (pagamento) VALUES 
	('Contanti'),
	('Bancomat'),
	('Carta di Credito');

/*
 * Query necessaria per l'inserimento di tutti i dati utili nella tabella pizza
*/
INSERT INTO pizza (nome, prezzo) VALUES
	('Marinara', 4.00),
	('Margherita', 4.50),
	('Viennese', 5.00),
	('Diavola', 5.00),
	('Prosciutto cotto', 5.00),
	('Siciliana', 6.50),
	('Pugliese', 5.00),
	('Romana', 5.50),
	('Prosciutto e funghi', 6.00),
	('Misto bosco', 6.50),
	('Parmiggiana', 7.00),
	('Estate', 7.00),
	('Zucchine', 6.50),
	('Bufalina', 7.00),
	('Prosciutto e carciofi', 6.50),
	('Tonno e cipolla', 6.00),
	('4 stagioni', 6.50),
	('4 formaggi', 6.50),
	('Capricciosa', 6.50),
	('Asparagi', 5.00),
	('Gorgonzola', 5.00),
	('Inglesina', 6.00),
	('Peperoni', 5.00),
	('Philadelphia', 5.20),
	('Porchetta', 6.00),
	('Porcini', 5.50),
	('Radicchio', 4.80),
	('Rucola e grana', 5.50),
	('Tirolese', 6.00),
	('Tonno', 6.00),
	('Treviso', 5.50),
	('Turbo', 8.00),
	('Verdure ai ferri', 6.50),
	('Zingara', 7.00),
	('Bresaola rucola e grana', 7.00),
	('Brie e speck', 7.00),
	('Gamberetti', 6.00),
	('Gorgonzola e salsiccia', 6.00),
	('Gorgonzola e speck', 7.00),
	('Mari e monti', 7.00),
	('Melanzane e crudo', 8.00),
	('Melanzane e ricotta', 6.50),
	('Nick', 8.00),
	('Montanara', 8.00),
	('Porcini crudo e grana', 7.50),
	('Porcini e provola', 7.00),
	('Porcini e ricotta', 7.00),
	('Porcini e salsiccia', 7.00),
	('Salsiccia', 5.00),
	('Provola e pancetta', 6.00),
	('Provola e speck', 6.50),
	('Sfilacci', 6.50),
	('Ricotta e spinaci', 5.50),
	('Tombolina', 6.00);

/*
 * Query necessaria per l'inserimento di tutti i dati utili nella tabella ricetta
*/
INSERT INTO ricetta (pizza, ingrediente) VALUES
	('Marinara', 'Pomodoro'),
	('Marinara', 'Aglio'),
	('Marinara', 'Origano'),
	('Margherita', 'Pomodoro'),
	('Margherita', 'Mozzarella'),
	('Viennese', 'Pomodoro'),
	('Viennese', 'Mozzarella'),
	('Viennese', 'Würstel'),
	('Diavola', 'Pomodoro'),
	('Diavola', 'Mozzarella'),
	('Diavola', 'Salamino piccante'),
	('Prosciutto cotto', 'Pomodoro'),
	('Prosciutto cotto', 'Mozzarella'),
	('Prosciutto cotto', 'Prosciutto cotto'),
	('Siciliana', 'Pomodoro'),
	('Siciliana', 'Mozzarella'),
	('Siciliana', 'Acciughe'),
	('Siciliana', 'Salamino piccante'),
	('Siciliana', 'Capperi'),
	('Siciliana', 'Olive verdi'),
	('Pugliese', 'Pomodoro'),
	('Pugliese', 'Mozzarella'),
	('Pugliese', 'Cipolla bianca'),
	('Romana', 'Pomodoro'),
	('Romana', 'Mozzarella'),
	('Romana', 'Acciughe'),
	('Romana', 'Origano'),
	('Prosciutto e funghi', 'Pomodoro'),
	('Prosciutto e funghi', 'Mozzarella'),
	('Prosciutto e funghi', 'Prosciutto cotto'),
	('Prosciutto e funghi', 'Funghi'),
	('Misto bosco', 'Pomodoro'),
	('Misto bosco', 'Mozzarella'),
	('Misto bosco', 'Funghi'),
	('Parmiggiana', 'Pomodoro'),
	('Parmiggiana', 'Mozzarella'),
	('Parmiggiana', 'Melanzane'),
	('Parmiggiana', 'Grana Padano'),
	('Estate', 'Pomodoro'),
	('Estate', 'Mozzarella'),
	('Estate', 'Pomodorini'),
	('Estate', 'Basilico'),
	('Zucchine', 'Pomodoro'),
	('Zucchine', 'Mozzarella'),
	('Zucchine', 'Zucchine'),
	('Bufalina', 'Pomodoro'),
	('Bufalina', 'Mozzarella di Bufala'),
	('Prosciutto e carciofi', 'Pomodoro'),
	('Prosciutto e carciofi', 'Mozzarella'),
	('Prosciutto e carciofi', 'Prosciutto cotto'),
	('Prosciutto e carciofi', 'Carciofi'),
	('Tonno e cipolla', 'Pomodoro'),
	('Tonno e cipolla', 'Mozzarella'),
	('Tonno e cipolla', 'Tonno'),
	('Tonno e cipolla', 'Cipolla bianca'),
	('4 stagioni', 'Pomodoro'),
	('4 stagioni', 'Mozzarella'),
	('4 stagioni', 'Prosciutto cotto'),
	('4 stagioni', 'Funghi'),
	('4 stagioni', 'Carciofi'),
	('4 formaggi', 'Pomodoro'),
	('4 formaggi', 'Mozzarella'),
	('4 formaggi', 'Formaggio Gorgonzola'),
	('4 formaggi', 'Formaggio Asiago'),
	('Capricciosa', 'Pomodoro'),
	('Capricciosa', 'Mozzarella'),
	('Capricciosa', 'Prosciutto cotto'),
	('Capricciosa', 'Funghi'),
	('Capricciosa', 'Carciofi'),
	('Capricciosa', 'Capperi'),
	('Asparagi', 'Pomodoro'),
	('Asparagi', 'Mozzarella'),
	('Asparagi', 'Asparagi'),
	('Gorgonzola', 'Pomodoro'),
	('Gorgonzola', 'Mozzarella'),
	('Gorgonzola', 'Formaggio Gorgonzola'),
	('Inglesina', 'Pomodoro'),
	('Inglesina', 'Mozzarella'),
	('Inglesina', 'Prosciutto crudo'),
	('Peperoni', 'Pomodoro'),
	('Peperoni', 'Mozzarella'),
	('Peperoni', 'Peperoni al forno'),
	('Philadelphia', 'Pomodoro'),
	('Philadelphia', 'Mozzarella'),
	('Philadelphia', 'Philadelphia'),
	('Porchetta', 'Pomodoro'),
	('Porchetta', 'Mozzarella'),
	('Porchetta', 'Porchetta'),
	('Porcini', 'Pomodoro'),
	('Porcini', 'Mozzarella'),
	('Porcini', 'Funghi Porcini'),
	('Radicchio', 'Pomodoro'),
	('Radicchio', 'Mozzarella'),
	('Radicchio', 'Radicchio'),
	('Rucola e grana', 'Pomodoro'),
	('Rucola e grana', 'Mozzarella'),
	('Rucola e grana', 'Rucola'),
	('Rucola e grana', 'Grana Padano'),
	('Tirolese', 'Pomodoro'),
	('Tirolese', 'Mozzarella'),
	('Tirolese', 'Speck'),
	('Tonno', 'Pomodoro'),
	('Tonno', 'Mozzarella'),
	('Tonno', 'Tonno'),
	('Treviso', 'Pomodoro'),
	('Treviso', 'Mozzarella'),
	('Treviso', 'Radicchio di Treviso'),
	('Turbo', 'Pomodoro'),
	('Turbo', 'Mozzarella'),
	('Turbo', 'Prosciutto cotto'),
	('Turbo', 'Funghi'),
	('Turbo', 'Carciofi'),
	('Turbo', 'Olive verdi'),
	('Turbo', 'Pomodorini'),
	('Turbo', 'Asparagi'),
	('Turbo', 'Salamino piccante'),
	('Turbo', 'Würstel'),
	('Verdure ai ferri', 'Pomodoro'),
	('Verdure ai ferri', 'Mozzarella'),
	('Verdure ai ferri', 'Melanzane grigliate'),
	('Verdure ai ferri', 'Peperoni al forno'),
	('Verdure ai ferri', 'Zucchine grigliate'),
	('Zingara', 'Pomodoro'),
	('Zingara', 'Mozzarella'),
	('Zingara', 'Salamino piccante'),
	('Zingara', 'Funghi'),
	('Zingara', 'Olive'),
	('Zingara', 'Peperoni al forno'),
	('Bresaola rucola e grana', 'Pomodoro'),
	('Bresaola rucola e grana', 'Mozzarella'),
	('Bresaola rucola e grana', 'Bresaola'),
	('Bresaola rucola e grana', 'Rucola'),
	('Bresaola rucola e grana', 'Grana Padano'),
	('Brie e speck', 'Pomodoro'),
	('Brie e speck', 'Mozzarella'),
	('Brie e speck', 'Briè'),
	('Brie e speck', 'Speck'),
	('Gamberetti', 'Pomodoro'),
	('Gamberetti', 'Mozzarella'),
	('Gamberetti', 'Gamberetti'),
	('Gorgonzola e salsiccia', 'Pomodoro'),
	('Gorgonzola e salsiccia', 'Mozzarella'),
	('Gorgonzola e salsiccia', 'Formaggio Gorgonzola'),
	('Gorgonzola e salsiccia', 'Salsiccia'),
	('Gorgonzola e speck', 'Pomodoro'),
	('Gorgonzola e speck', 'Mozzarella'),
	('Gorgonzola e speck', 'Formaggio Gorgonzola'),
	('Gorgonzola e speck', 'Speck'),
	('Mari e monti', 'Pomodoro'),
	('Mari e monti', 'Mozzarella'),
	('Mari e monti', 'Funghi'),
	('Mari e monti', 'Gamberetti'),
	('Melanzane e crudo', 'Pomodoro'),
	('Melanzane e crudo', 'Mozzarella'),
	('Melanzane e crudo', 'Melanzane grigliate'),
	('Melanzane e crudo', 'Prosciutto crudo'),
	('Melanzane e ricotta', 'Pomodoro'),
	('Melanzane e ricotta', 'Mozzarella'),
	('Melanzane e ricotta', 'Melanzane grigliate'),
	('Melanzane e ricotta', 'Ricotta'),
	('Nick', 'Pomodoro'),
	('Nick', 'Mozzarella'),
	('Nick', 'Funghi Porcini'),
	('Nick', 'Pomodorini'),
	('Nick', 'Porchetta'),
	('Montanara', 'Pomodoro'),
	('Montanara', 'Mozzarella'),
	('Montanara', 'Funghi Chiodini'),
	('Montanara', 'Pancetta affumicata'),
	('Montanara', 'Formaggio Gorgonzola'),
	('Porcini crudo e grana', 'Pomodoro'),
	('Porcini crudo e grana', 'Mozzarella'),
	('Porcini crudo e grana', 'Funghi Porcini'),
	('Porcini crudo e grana', 'Prosciutto crudo'),
	('Porcini crudo e grana', 'Grana Padano'),
	('Porcini e provola', 'Pomodoro'),
	('Porcini e provola', 'Mozzarella'),
	('Porcini e provola', 'Funghi Porcini'),
	('Porcini e provola', 'Provola'),
	('Porcini e ricotta', 'Pomodoro'),
	('Porcini e ricotta', 'Mozzarella'),
	('Porcini e ricotta', 'Funghi Porcini'),
	('Porcini e ricotta', 'Ricotta'),
	('Porcini e salsiccia', 'Pomodoro'),
	('Porcini e salsiccia', 'Mozzarella'),
	('Porcini e salsiccia', 'Funghi Porcini'),
	('Porcini e salsiccia', 'Salsiccia'),
	('Salsiccia', 'Pomodoro'),
	('Salsiccia', 'Mozzarella'),
	('Salsiccia', 'Salsiccia'),
	('Provola e pancetta', 'Pomodoro'),
	('Provola e pancetta', 'Mozzarella'),
	('Provola e pancetta', 'Provola'),
	('Provola e pancetta', 'Pancetta affumicata'),
	('Provola e speck', 'Pomodoro'),
	('Provola e speck', 'Mozzarella'),
	('Provola e speck', 'Provola'),
	('Provola e speck', 'Speck'),
	('Sfilacci', 'Pomodoro'),
	('Sfilacci', 'Mozzarella'),
	('Sfilacci', 'Sfilacci di cavallo'),
	('Ricotta e spinaci', 'Pomodoro'),
	('Ricotta e spinaci', 'Mozzarella'),
	('Ricotta e spinaci', 'Ricotta'),
	('Ricotta e spinaci', 'Spinaci'),
	('Tombolina', 'Pomodoro'),
	('Tombolina', 'Mozzarella'),
	('Tombolina', 'Stracchino'),
	('Tombolina', 'Rucola');

/*
 * Query necessaria per l'inserimento di tutti i dati utili nella tabella amministrazione
*/
INSERT INTO amministrazione (mail, numero_tel, fax, indirizzo, citta, provincia) VALUES 
	('padupizza.padova@padupizza.it', '36129355654', '8231434287', 'Via Corso Stati Uniti, 15', 'Padova', 'PD'),
	('padupizza.venezia@padupizza.it', '4977997054', '7362827355', 'Via dell''Acqua, 7', 'Venezia', 'VE'),
	('padupizza.vicenza@padupizza.it', '9702131855', '3372187514', 'Via del Commercio, 22', 'Vicenza', 'VI'),
	('padupizza.verona@padupizza.it', '7770416065', '7880975558', 'Viale S. Giacomo, 67', 'Verona', 'VR'),
	('padupizza.rovigo@padupizza.it', '3191853330', '1052759226', 'Via Metteotti, 123', 'Rovigo', 'RO'),
	('padupizza.belluno@padupizza.it', '6726343802', '0682376900', 'Via Verdi, 85', 'Belluno', 'BL'),
	('padupizza.treviso@padupizza.it', '3470881897', '4146114350', 'Via Radicchio, 248', 'Treviso', 'TV');
	

	/*
	 * Query necessaria per l'inserimento di tutti i dati utili nella tabella titolare
	*/
	INSERT INTO titolare (cf, nome, cognome) VALUES 
	('FSOQNT10R24L736G', 'Quinto', 'Fois'),
	('FRNNNA09C53F839C', 'Anna', 'Fiorini'),
	('FRGPLT07P05L219P', 'Ippolito', 'Frigerio'),
	('FBBMRL03B66L736M', 'Marilu', 'Fabbri'),
	('MRSYRA07E66A662N', 'Yara', 'Amoruso'),
	('RSSGDL08P49C351J', 'Guendalina', 'Rossa'),
	('GRZCMN03D43G273F', 'Clementina', 'Graziano'),
	('MTTDTR10R04C351M', 'Demetrio', 'Motta'),
	('BRNTLL08P15G273S', 'Tullio', 'Brandi'),
	('MLNCTT02R60F205V', 'Cosetta', 'Milone'),
	('MRNMCH03B08D969X', 'Melchiorre', 'Marano'),
	('FRLDNS02B06L736J', 'Dennis', 'Furlan'),
	('GDCCLR05M46F205I', 'Clara', 'Giudici'),
	('RSOMLR08T58A662N', 'Marialaura', 'Rosi'),
	('GRDFBN07P18H501E', 'Fabiano', 'Giordani'),
	('RCCSRL02A70H501G', 'Smeralda', 'Rocco'),
	('LCNCTN10L25F205T', 'Costantino', 'Luciani'),
	('MSSVTT08L59F839H', 'Violetta', 'Massa'),
	('SCCDTL05M57L736J', 'Donatella', 'Secci'),
	('MTRTZN08P16G273X', 'Tiziano', 'Matera'),
	('PZZZEI03R31D969D', 'Ezio', 'Pizzi'),
	('GRLSBN10M44L219G', 'Sabina', 'Grilli'),
	('PLMCRN10T58G273O', 'Caterina', 'Palma'),
	('PGNDNY06T12D969Y', 'Danny', 'Pagani'),
	('CRMGSY03C63C351O', 'Giusy', 'Carminati'),
	('NNNCMN10D01H501J', 'Carmine', 'Iannone'),
	('NDRBTE02R49L736C', 'Beata', 'Andreoli'),
	('DSTCTN07B46H501L', 'Costanza', 'Distefano'),
	('LNGSNN07R45G273L', 'Susanna', 'Longo'),
	('MLNLVR05C08G273M', 'Alvaro', 'Molinari'),
	('CCCGNN06S30L736Q', 'Giovanni', 'Cicci'),
	('LRNRCC08M60H501P', 'Rebecca', 'Lorenzi'),
	('BNCRCC09C04F839K', 'Rocco', 'Bianco'),
	('GTTCRS10A56D612R', 'Clarissa', 'Gattini'),
	('ZCCCST02R43H501B', 'Cristina', 'Zucchi'),
	('BLTMTN04P58D969R', 'Martina', 'Belotti'),
	('CPPFLV07H19H501Q', 'Fulvio', 'Cappelletti'),
	('CRLRRT03P06F839K', 'Roberto', 'Carella'),
	('MLNVSS09R66A944R', 'Vanessa', 'Milone'),
	('RNDMLN08P24L219O', 'Emiliano', 'Randazzo'),
	('TNOVLR09P03F839S', 'Valerio', 'Toni');

	/*
	 * Query necessaria per l'inserimento dei dati utili nella tabella pizzeria
	*/
INSERT INTO pizzeria (calendario, titolare, amministrazione, indirizzo, citta, provincia, numero_tel) VALUES
	(3, 'MTTDTR10R04C351M', (SELECT id FROM amministrazione WHERE provincia = 'PD'), 'Via Carlo Alberto, 91', 'Padova', 'PD', '8436829189'),
	(3, 'RNDMLN08P24L219O', (SELECT id FROM amministrazione WHERE provincia = 'BL'), 'Via Montegrappa, 23', 'Sedico', 'BL', '4746914853'),
	(2, 'BLTMTN04P58D969R', (SELECT id FROM amministrazione WHERE provincia = 'VI'), 'Via San Antonio, 6', 'Vicenza', 'VI', '4217365014'),
	(1, 'MLNVSS09R66A944R', (SELECT id FROM amministrazione WHERE provincia = 'VE'), 'Via Guizze, 22', 'Mira', 'VE', '5028946910'),
	(1, 'LRNRCC08M60H501P', (SELECT id FROM amministrazione WHERE provincia = 'PD'), 'Via Mantegna, 50', 'Campodoro', 'PD', '5676162557'),
	(2, 'LNGSNN07R45G273L', (SELECT id FROM amministrazione WHERE provincia = 'VI'), 'Via San Andrea, 3', 'Creazzo','VI', '6413015460'),
	(4, 'RNDMLN08P24L219O', (SELECT id FROM amministrazione WHERE provincia = 'VR'), 'Via Casa Grande, 1', 'Caselle', 'VR', '9843444410'),
	(2, 'MRSYRA07E66A662N', (SELECT id FROM amministrazione WHERE provincia = 'PD'), 'Via Giotto, 74', 'Limena', 'PD', '9735980657'),
	(4, 'BRNTLL08P15G273S', (SELECT id FROM amministrazione WHERE provincia = 'TV'), 'Via Alberti, 64', 'Ponzano','TV', '6117664703'),
	(4, 'CRLRRT03P06F839K', (SELECT id FROM amministrazione WHERE provincia = 'PD'), 'Vicolo Garibaldi, 1', 'Mestrino', 'PD', '5619151170'),
	(3, 'FRLDNS02B06L736J', (SELECT id FROM amministrazione WHERE provincia = 'TV'), 'Via 25 Aprile, 12', 'Dosson', 'TV', '4791987322'),
	(2, 'ZCCCST02R43H501B', (SELECT id FROM amministrazione WHERE provincia = 'TV'), 'Viale Rossi, 20', 'Carbonera', 'TV', '5554459757'),
	(3, 'BLTMTN04P58D969R', (SELECT id FROM amministrazione WHERE provincia = 'VR'), 'Via Leopardi, 25', 'Marchesino', 'VR', '0494260065'),
	(1, 'BNCRCC09C04F839K', (SELECT id FROM amministrazione WHERE provincia = 'RO'), 'Via Dannunzio, 15', 'Buso', 'RO', '6674416791'),
	(1, 'MSSVTT08L59F839H', (SELECT id FROM amministrazione WHERE provincia = 'PD'), 'Via Marconi, 2C', 'Cittadella', 'PD', '5680556286'),
	(3, 'MLNVSS09R66A944R', (SELECT id FROM amministrazione WHERE provincia = 'VI'), 'Via Trento, 13B', 'Quinto Vicentino', 'VI', '8095191777'),
	(2, 'BRNTLL08P15G273S', (SELECT id FROM amministrazione WHERE provincia = 'VI'), 'Via Nogarasse, 2', 'Bertesina', 'VI', '4185865000'),
	(1, 'TNOVLR09P03F839S', (SELECT id FROM amministrazione WHERE provincia = 'RO'), 'Via Risorgimento, 17', 'Arginello', 'RO', '8124742421'),
	(4, 'CRLRRT03P06F839K', (SELECT id FROM amministrazione WHERE provincia = 'RO'), 'Via Traversagni, 25', 'Mardimago', 'RO', '1661849583'),
	(4, 'LRNRCC08M60H501P', (SELECT id FROM amministrazione WHERE provincia = 'VI'), 'Via Filzi, 38C', 'Vigardolo', 'VI', '7963563632'),
	(1, 'GRZCMN03D43G273F', (SELECT id FROM amministrazione WHERE provincia = 'VI'), 'Via Europa, 12H', 'Ospedaletto', 'VI', '0621926913'),
	(4, 'MLNLVR05C08G273M', (SELECT id FROM amministrazione WHERE provincia = 'BL'), 'Via Rometta, 108', 'Sopracroda', 'BL', '3430727641'),
	(2, 'MTTDTR10R04C351M', (SELECT id FROM amministrazione WHERE provincia = 'PD'), 'Via Monte Grappa, 2', 'Campodarsego', 'PD', '2520215915'),
	(1, 'MRSYRA07E66A662N', (SELECT id FROM amministrazione WHERE provincia = 'TV'), 'Viale della Vittora, 1', 'Boiago', 'TV', '4657348762'),
	(5, 'FBBMRL03B66L736M', (SELECT id FROM amministrazione WHERE provincia = 'VI'), 'Via Lamormora, 23', 'Cavazzale', 'VI','0292057259'),
	(3, 'FSOQNT10R24L736G', (SELECT id FROM amministrazione WHERE provincia = 'RO'), 'Via Alberie, 38', 'Stanghella', 'RO', '8009591056'),
	(3, 'GRLSBN10M44L219G', (SELECT id FROM amministrazione WHERE provincia = 'VE'), 'Via Cassola, 8', 'Mestre','VE','1395262482'),
	(1, 'LCNCTN10L25F205T', (SELECT id FROM amministrazione WHERE provincia = 'VE'), 'Via Campolongo, 83', 'Dolo', 'VE', '7583309297'),
	(1, 'RSOMLR08T58A662N', (SELECT id FROM amministrazione WHERE provincia = 'TV'), 'Via Leonardo, 65', 'Loria', 'TV', '9779985546'),
	(2, 'LNGSNN07R45G273L', (SELECT id FROM amministrazione WHERE provincia = 'VE'), 'Via Sole, 34', 'Caorle', 'VE', '4211459736'),
	(1, 'CCCGNN06S30L736Q', (SELECT id FROM amministrazione WHERE provincia = 'PD'), 'Via Vittorio Emanuele, 200', 'Cadoneghe', 'PD', '9349611179'),
	(1, 'PGNDNY06T12D969Y', (SELECT id FROM amministrazione WHERE provincia = 'VI'), 'Via dei Martiri, 34', 'Marola', 'VI', '3677188546'),
	(2, 'FBBMRL03B66L736M', (SELECT id FROM amministrazione WHERE provincia = 'VE'), 'Via Cagliari, 15', 'Marghera', 'VE', '0584908868'),
	(3, 'NDRBTE02R49L736C', (SELECT id FROM amministrazione WHERE provincia = 'RO'), 'Via Rosa, 57', 'Rovigo', 'RO', '1782909803'),
	(3, 'DSTCTN07B46H501L', (SELECT id FROM amministrazione WHERE provincia = 'BL'), 'Via Giove, 78', 'Limana', 'BL', '8067921622'),
	(5, 'ZCCCST02R43H501B', (SELECT id FROM amministrazione WHERE provincia = 'RO'), 'Via Piave, 5', 'Villamarzana', 'RO', '1611498210'),
	(4, 'LRNRCC08M60H501P', (SELECT id FROM amministrazione WHERE provincia = 'VE'), 'Via Genova, 14', 'Venezia', 'VE', '9299280539'),
	(3, 'CCCGNN06S30L736Q', (SELECT id FROM amministrazione WHERE provincia = 'VR'), 'Via Monte Asolone, 91', 'Sommavalle','VR', '0662725047'),
	(1, 'GDCCLR05M46F205I', (SELECT id FROM amministrazione WHERE provincia = 'VR'), 'Via Mira, 32', 'Giaron', 'VR', '5915846846'),
	(5, 'PGNDNY06T12D969Y', (SELECT id FROM amministrazione WHERE provincia = 'VE'), 'Via Foscolo, 8A', 'Meolo', 'VE', '4633697557'),
	(5, 'MRSYRA07E66A662N', (SELECT id FROM amministrazione WHERE provincia = 'VE'), 'Via Cesare Battisti, 2', 'Passarella', 'VE', '4878320361'),
	(1, 'FRLDNS02B06L736J', (SELECT id FROM amministrazione WHERE provincia = 'VR'), 'Via Luna, 47', 'Novaglie', 'VR', '3176886391'),
	(4, 'CRLRRT03P06F839K', (SELECT id FROM amministrazione WHERE provincia = 'TV'), 'Via Marte, 74', 'Istrana', 'TV', '5094008093'),
	(4, 'TNOVLR09P03F839S', (SELECT id FROM amministrazione WHERE provincia = 'VE'), 'Via Serato, 212', 'San Donà di Piave', 'VE', '6228365488'),
	(6, 'PGNDNY06T12D969Y', (SELECT id FROM amministrazione WHERE provincia = 'BL'), 'Viale Europa, 67', 'Feltre', 'BL', '6545174330'),
	(1, 'CPPFLV07H19H501Q', (SELECT id FROM amministrazione WHERE provincia = 'RO'), 'Via Rovigo, 3', 'Onari', 'RO', '2453352648'),
	(1, 'RNDMLN08P24L219O', (SELECT id FROM amministrazione WHERE provincia = 'BL'), 'Via Municipio 11', 'Castion', 'BL', '7624263029'),
	(3, 'FSOQNT10R24L736G', (SELECT id FROM amministrazione WHERE provincia = 'PD'), 'Via S. Pio X, 18', 'Abano Terme', 'PD', '6484917950'),
	(1, 'GRZCMN03D43G273F', (SELECT id FROM amministrazione WHERE provincia = 'VR'), 'Via Roma, 123', 'Forette', 'VR', '0376541439'),
	(3, 'BNCRCC09C04F839K', (SELECT id FROM amministrazione WHERE provincia = 'TV'), 'Via Ragazzi, 53', 'Paese', 'TV', '5331743600'),
	(5, 'FRGPLT07P05L219P', (SELECT id FROM amministrazione WHERE provincia = 'VR'), 'Via Paolini, 86', 'Corno Alto', 'VR', '4723643593'),
	(5, 'CRLRRT03P06F839K', (SELECT id FROM amministrazione WHERE provincia = 'PD'), 'Via Beato Pellegrino, 11', 'Vigodarzere', 'PD', '1680244883'),
	(3, 'MLNLVR05C08G273M', (SELECT id FROM amministrazione WHERE provincia = 'RO'), 'Via Gialla, 48', 'Sarzano','RO', '1518937351'),
	(2, 'FBBMRL03B66L736M', (SELECT id FROM amministrazione WHERE provincia = 'TV'), 'Via G. Galilei, 56', 'Treviso', 'TV', '8472832263'),
	(3, 'CPPFLV07H19H501Q', (SELECT id FROM amministrazione WHERE provincia = 'VR'), 'Via Vicenza, 21', 'Verona', 'VR', '4308896148'),
	(2, 'MTTDTR10R04C351M', (SELECT id FROM amministrazione WHERE provincia = 'TV'), 'Via Mazzini, 51', 'Castelfranco Veneto', 'TV', '6760495504'),
	(1, 'BNCRCC09C04F839K', (SELECT id FROM amministrazione WHERE provincia = 'RO'), 'Viale Pio X, 1', 'Grompo', 'RO', '7680907281'),
	(5, 'RNDMLN08P24L219O', (SELECT id FROM amministrazione WHERE provincia = 'TV'), 'Via Pasubio, 8C', 'Marcon', 'TV', '9048663539'),
	(1, 'LNGSNN07R45G273L', (SELECT id FROM amministrazione WHERE provincia = 'PD'), 'Via Grigliano, 102', 'Camposampiero','PD', '9969519017'),
	(2, 'GTTCRS10A56D612R', (SELECT id FROM amministrazione WHERE provincia = 'BL'), 'Via Garda, 10', 'Pedavena', 'BL', '9860589758'),
	(1, 'MRNMCH03B08D969X', (SELECT id FROM amministrazione WHERE provincia = 'BL'), 'Via Rosa, 57', 'Belluno', 'BL', '4240802513'),
	(3, 'GRZCMN03D43G273F', (SELECT id FROM amministrazione WHERE provincia = 'VR'), 'Via Bartoni, 6', 'Raldon', 'VR', '8336272632'),
	(3, 'FBBMRL03B66L736M', (SELECT id FROM amministrazione WHERE provincia = 'BL'), 'Via Rossa, 28', 'Collungo','BL', '0403241715'),
	(1, 'GRLSBN10M44L219G', (SELECT id FROM amministrazione WHERE provincia = 'VI'), 'Via Sicura, 45', 'Nogarazza', 'VI', '5585837265'),
	(3, 'RSSGDL08P49C351J', (SELECT id FROM amministrazione WHERE provincia = 'RO'), 'Via Rondiello, 7D', 'Bosaro', 'RO', '0178442672'),
	(4, 'CRLRRT03P06F839K', (SELECT id FROM amministrazione WHERE provincia = 'BL'), 'Via Bellinghiera, 91', 'Follina', 'BL', '8543724320'),
	(3, 'LNGSNN07R45G273L', (SELECT id FROM amministrazione WHERE provincia = 'VI'), 'Via Villetta, 91B', 'San Zeno', 'VI', '1574291852'),
	(4, 'RSSGDL08P49C351J', (SELECT id FROM amministrazione WHERE provincia = 'BL'), 'Via San Marco, 16', 'Revine', 'BL', '2047215533'),
	(1, 'MRSYRA07E66A662N', (SELECT id FROM amministrazione WHERE provincia = 'VR'), 'Via Mantegna, 21E', 'Rizza', 'VR', '7689122113'),
	(4, 'BRNTLL08P15G273S', (SELECT id FROM amministrazione WHERE provincia = 'VE'), 'Via Peraro, 2B', 'Jesolo', 'VE', '9809984297');

/*
 * Query necessaria per l'inserimento di tutti i dati utili nella tabella dipendente
*/
INSERT INTO dipendente (cf, nome, cognome, data_assunzione, impiego, pizzeria) VALUES
	('CSTMLC06R61H501S', 'Marialuce', 'Costanzo', '2010-01-25', 'Cassiere', (SELECT id FROM pizzeria WHERE indirizzo = 'Via Carlo Alberto, 91' LIMIT 1)),
	('MTRNLD10R58F205Q', 'Nilde', 'Matera', '2020-08-21', 'Cassiere', (SELECT id FROM pizzeria WHERE indirizzo = 'Via Vicenza, 21' LIMIT 1)),
	('MGGMRN04M61L736R', 'Morena', 'Maggioni', '2017-03-11', 'Cassiere', (SELECT id FROM pizzeria WHERE indirizzo = 'Via Campolongo, 83' LIMIT 1)),
	('STFLDA08T30L219X', 'Aldo', 'Stefani', '2015-04-02', 'Pizzaiolo', (SELECT id FROM pizzeria WHERE indirizzo = 'Via Carlo Alberto, 91' LIMIT 1)),
	('BBTJMS07T12L736E', 'James', 'Abbata', '2013-05-29', 'Aiuto_Pizzaiolo', (SELECT id FROM pizzeria WHERE indirizzo = 'Via Carlo Alberto, 91' LIMIT 1)),
	('CTLCTN03A21L736G', 'Costanzo', 'Catalano', '2011-10-03', 'Pizzaiolo', (SELECT id FROM pizzeria WHERE indirizzo = 'Via Rosa, 57' LIMIT 1)),
	('RSSWDY03L64L736E', 'Wendy', 'Rossa', '2020-09-02', 'Cassiere', (SELECT id FROM pizzeria WHERE indirizzo = 'Via Rosa, 57' LIMIT 1)),
	('SMTDLN10D46A662G', 'Adelina', 'Smith', '2020-03-20', 'Aiuto_Pizzaiolo', (SELECT id FROM pizzeria WHERE indirizzo = 'Via Rosa, 57' LIMIT 1)),
	('PSQMYA04D62A944Q', 'Maya', 'Pasquali', '2018-01-17', 'Pizzaiolo', (SELECT id FROM pizzeria WHERE indirizzo = 'Via Campolongo, 83' LIMIT 1)),
	('DNFLFA09M29G273D', 'Alfio', 'Donofrio', '2017-11-05', 'Pizzaiolo', (SELECT id FROM pizzeria WHERE indirizzo = 'Via Vicenza, 21' LIMIT 1)),
	('ZCCNRO03H43C351H', 'Nora', 'Zucchi', '2016-02-28', 'Aiuto_Pizzaiolo', (SELECT id FROM pizzeria WHERE indirizzo = 'Via Campolongo, 83' LIMIT 1)),
	('DROMHL05T01G273Q', 'Michelangelo', 'Doria', '2017-08-04', 'Aiuto_Pizzaiolo', (SELECT id FROM pizzeria WHERE indirizzo = 'Via Rosa, 57' LIMIT 1)),
	('VCCRND05B11F839I', 'Armando', 'Vaccari', '2017-06-11', 'Cassiere', (SELECT id FROM pizzeria WHERE indirizzo = 'Via Campolongo, 83' LIMIT 1)),
	('PCCRNI03P58L219U', 'Irina', 'Piccolo', '2015-11-21', 'Cassiere', (SELECT id FROM pizzeria WHERE indirizzo = 'Via Mira, 32' LIMIT 1)),
	('PLLDVI03C67L736N', 'Diva', 'Pellegrini', '2015-05-12', 'Pizzaiolo', (SELECT id FROM pizzeria WHERE indirizzo = 'Via Vicenza, 21' LIMIT 1)),
	('RNCRGR07L28F205B', 'Roggero', 'Ronchi', '2015-04-25', 'Aiuto_Pizzaiolo', (SELECT id FROM pizzeria WHERE indirizzo = 'Via Vicenza, 21' LIMIT 1)),
	('DLRMNL03P42C351V', 'Manuela', 'Dilorenzo', '2014-12-08', 'Cassiere', (SELECT id FROM pizzeria WHERE indirizzo = 'Via Luna, 47' LIMIT 1)),
	('FDDNSC10C69D612C', 'Natascia', 'Fadda', '2013-06-26', 'Cassiere', (SELECT id FROM pizzeria WHERE indirizzo = 'Via Luna, 47' LIMIT 1)),
	('RZZLRA04R64F205W', 'Lara', 'Rizzo', '2015-03-20', 'Pizzaiolo', (SELECT id FROM pizzeria WHERE indirizzo = 'Via Mira, 32' LIMIT 1)),
	('VLSSVT07H21H501X', 'Salvatore', 'Valsecchi', '2014-10-22', 'Pizzaiolo', (SELECT id FROM pizzeria WHERE indirizzo = 'Viale della Vittora, 1' LIMIT 1)),
	('RCRMGR02R58H501N', 'Mariagrazia', 'Arcuri', '2013-04-13', 'Cassiere', (SELECT id FROM pizzeria WHERE indirizzo = 'Viale della Vittora, 1' LIMIT 1)),
	('BRNMRT09S50L736U', 'Mirta', 'Brandi', '2012-06-03', 'Aiuto_Pizzaiolo', (SELECT id FROM pizzeria WHERE indirizzo = 'Viale della Vittora, 1' LIMIT 1)),
	('NVAVSS02E58D612X', 'Vanessa', 'Nava', '2012-05-18', 'Pizzaiolo', (SELECT id FROM pizzeria WHERE indirizzo = 'Via Luna, 47' LIMIT 1)),
	('VLNRSY07T61A944A', 'Rosy', 'Valente', '2012-04-27', 'Cassiere', (SELECT id FROM pizzeria WHERE indirizzo = 'Via Nogarasse, 2' LIMIT 1)),
	('GDUGRG06P03D969S', 'Giorgio', 'Guida', '2011-12-04', 'Pizzaiolo', (SELECT id FROM pizzeria WHERE indirizzo = 'Via Nogarasse, 2' LIMIT 1)),
	('VLNCRL02C09A944V', 'Carlo', 'Valente', '2011-09-25', 'Aiuto_Pizzaiolo', (SELECT id FROM pizzeria WHERE indirizzo = 'Via Luna, 47' LIMIT 1)),
	('LRNSBN03P56A944D', 'Sabina', 'Lorenzi', '2011-09-13', 'Pizzaiolo', (SELECT id FROM pizzeria WHERE indirizzo = 'Viale della Vittora, 1' LIMIT 1)),
	('BLLMAI02B68G273L', 'Maia', 'Belloni', '2011-07-18', 'Aiuto_Pizzaiolo', (SELECT id FROM pizzeria WHERE indirizzo = 'Via Nogarasse, 2' LIMIT 1)),
	('LFRGNN10M27H501J', 'Gianni', 'Alfieri', '2011-06-22', 'Domiciliare_Macchina', (SELECT id FROM pizzeria WHERE indirizzo = 'Via Carlo Alberto, 91' LIMIT 1)),
	('LLAFRU03T01F839L', 'Furio', 'Aiello', '2011-05-14', 'Domiciliare_Furgone', (SELECT id FROM pizzeria WHERE indirizzo = 'Via Carlo Alberto, 91' LIMIT 1)),
	('FRNDMN07T11C351R', 'Demian', 'Fiorentino', '2011-01-14', 'Domiciliare_Macchina', (SELECT id FROM pizzeria WHERE indirizzo = 'Via Mira, 32' LIMIT 1)),
	('CRMLEI07B07H501J', 'Elio', 'Carminati', '2010-01-09', 'Domiciliare_Furgone', (SELECT id FROM pizzeria WHERE indirizzo = 'Via Rosa, 57' LIMIT 1)),
	('DGRPIA10S41D612R', 'Pia', 'Digiorgio', '2020-07-24', 'Domiciliare_Macchina', (SELECT id FROM pizzeria WHERE indirizzo = 'Via Rosa, 57' LIMIT 1)),
	('PLNGZN02A05A662P', 'Graziano', 'Paolini', '2020-05-02', 'Domiciliare_Macchina', (SELECT id FROM pizzeria WHERE indirizzo = 'Via Campolongo, 83' LIMIT 1)),
	('MRTLHR06T26A662C', 'Alighieri', 'Moretto', '2019-08-01', 'Domiciliare_Macchina', (SELECT id FROM pizzeria WHERE indirizzo = 'Via Vicenza, 21' LIMIT 1)),
	('RBRDTR02S19L219W', 'Demetrio', 'Roberti', '2017-10-07', 'Domiciliare_Furgone', (SELECT id FROM pizzeria WHERE indirizzo = 'Via Vicenza, 21' LIMIT 1)),
	('NPLLEI04T26C351N', 'Elio', 'Napoli', '2017-08-27', 'Domiciliare_Macchina', (SELECT id FROM pizzeria WHERE indirizzo = 'Via Campolongo, 83' LIMIT 1)),
	('CSTRNR08D14D969M', 'Raniero', 'Costanzo', '2016-12-28', 'Domiciliare_Furgone', (SELECT id FROM pizzeria WHERE indirizzo = 'Via Campolongo, 83' LIMIT 1)),
	('PRGLLA10P53H501H', 'Laila', 'Perego', '2016-10-07', 'Domiciliare_Furgone', (SELECT id FROM pizzeria WHERE indirizzo = 'Via Mira, 32' LIMIT 1)),
	('CRLVNI04E21D612L', 'Ivano', 'Carlini', '2016-08-05', 'Domiciliare_Macchina', (SELECT id FROM pizzeria WHERE indirizzo = 'Via Mira, 32' LIMIT 1)),
	('MLTMGN07C21D612S', 'Morgan', 'Molteni', '2016-05-19', 'Domiciliare_Macchina', (SELECT id FROM pizzeria WHERE indirizzo = 'Viale della Vittora, 1' LIMIT 1)),
	('CRLGRR07D09L219B', 'Guerriero', 'Carlucci', '2016-03-20', 'Domiciliare_Furgone', (SELECT id FROM pizzeria WHERE indirizzo = 'Via Luna, 47' LIMIT 1)),
	('VNTLLL04C22C351Q', 'Lello', 'Ventura', '2016-01-17', 'Domiciliare_Furgone', (SELECT id FROM pizzeria WHERE indirizzo = 'Via Nogarasse, 2' LIMIT 1)),
	('PSNFNC09L08A944F', 'Franco', 'Pisano', '2016-01-12', 'Domiciliare_Furgone', (SELECT id FROM pizzeria WHERE indirizzo = 'Via Nogarasse, 2' LIMIT 1)),
	('DNADMN05R09L219Y', 'Damiano', 'Dani', '2016-01-09', 'Domiciliare_Macchina', (SELECT id FROM pizzeria WHERE indirizzo = 'Viale della Vittora, 1' LIMIT 1)),
	('MSNDNT09S08A662J', 'Diamante', 'Masini', '2015-08-03', 'Domiciliare_Macchina', (SELECT id FROM pizzeria WHERE indirizzo = 'Via Nogarasse, 2' LIMIT 1)),
	('FGNZSE34D01D701O', 'Zeus', 'Faugno', '2014-09-09', 'Pizzaiolo', (SELECT id FROM pizzeria WHERE indirizzo = 'Via Municipio 11' LIMIT 1)),
	('NHOMZC74L41F864N', 'Mazia', 'Noha', '2014-07-12', 'Domiciliare_Macchina', (SELECT id FROM pizzeria WHERE indirizzo = 'Via San Antonio, 6' LIMIT 1)),
	('DLTBNZ65L15E885E', 'Biaggio', 'Deletris', '2013-06-09', 'Domiciliare_Macchina', (SELECT id FROM pizzeria WHERE indirizzo = 'Via Municipio 11' LIMIT 1)),
	('SQGZBC39S18C939J', 'Graziano', 'Squaglia', '2013-04-07', 'Domiciliare_Furgone', (SELECT id FROM pizzeria WHERE indirizzo = 'Via San Antonio, 6' LIMIT 1)),
	('HSPGMM39S01G762G', 'Giacomo', 'Herman', '2012-01-31', 'Cassiere', (SELECT id FROM pizzeria WHERE indirizzo = 'Via San Antonio, 6' LIMIT 1)),
	('BBUBNG96R46G571U', 'Angelica', 'Brama', '2012-01-16', 'Domiciliare_Macchina', (SELECT id FROM pizzeria WHERE indirizzo = 'Via Nogarasse, 2' LIMIT 1)),
	('BDXHCL38P41I724F', 'Celeste', 'Heidi', '2011-06-11', 'Aiuto_Pizzaiolo', (SELECT id FROM pizzeria WHERE indirizzo = 'Via San Antonio, 6' LIMIT 1)),
	('PCWPRY68S69H777C', 'Willian', 'Piccolo', '2011-05-08', 'Domiciliare_Macchina', (SELECT id FROM pizzeria WHERE indirizzo = 'Via Nogarasse, 2' LIMIT 1)),
	('VBDSBS83H64B526J', 'Demetrio', 'Vito', '2010-10-15', 'Domiciliare_Furgone', (SELECT id FROM pizzeria WHERE indirizzo = 'Via Nogarasse, 2' LIMIT 1)),
	('NVMJVL95D49H417Z', 'Jody', 'Nuovo', '2010-08-08', 'Domiciliare_Macchina', (SELECT id FROM pizzeria WHERE indirizzo = 'Via San Antonio, 6' LIMIT 1)),
	('PTYGNN88T08L326Y', 'Yara', 'Pivato', '2010-02-19', 'Cassiere', (SELECT id FROM pizzeria WHERE indirizzo = 'Via Municipio 11' LIMIT 1)),
	('GGKNQP39L66A553T', 'Maqap', 'Gouak', '2020-09-08', 'Pizzaiolo', (SELECT id FROM pizzeria WHERE indirizzo = 'Via San Antonio, 6' LIMIT 1)),
	('VTSFYR45H08F934T', 'Francesca', 'Vasto', '2020-01-30', 'Domiciliare_Macchina', (SELECT id FROM pizzeria WHERE indirizzo = 'Via San Marco, 16' LIMIT 1)),
	('HHMZST54P57A459T', 'Matteo', 'Haaland', '2019-06-25', 'Pizzaiolo', (SELECT id FROM pizzeria WHERE indirizzo = 'Via Nogarasse, 2' LIMIT 1)),
	('VRUPZM62S21M140L', 'Prazam', 'Vitru', '2019-06-03', 'Cassiere', (SELECT id FROM pizzeria WHERE indirizzo = 'Via San Antonio, 6' LIMIT 1)),
	('VBQPHC41T52A438M', 'Federica', 'Vibiq', '2018-08-10', 'Cassiere', (SELECT id FROM pizzeria WHERE indirizzo = 'Via Municipio 11' LIMIT 1)),
	('RYHNCT39R71I392Q', 'Nicole', 'Rhyno', '2018-04-10', 'Domiciliare_Macchina', (SELECT id FROM pizzeria WHERE indirizzo = 'Via Municipio 11' LIMIT 1)),
	('TCPNPV96T04F272Y', 'Paola', 'Tronco', '2018-04-06', 'Domiciliare_Furgone', (SELECT id FROM pizzeria WHERE indirizzo = 'Via San Marco, 16' LIMIT 1)),
	('HSZGVC58D61A516J', 'Giacomo', 'Hazai', '2017-03-10', 'Aiuto_Pizzaiolo', (SELECT id FROM pizzeria WHERE indirizzo = 'Via San Marco, 16' LIMIT 1)),
	('DMYVMR97P02E402X', 'Dymtri', 'Masha', '2016-11-03', 'Pizzaiolo', (SELECT id FROM pizzeria WHERE indirizzo = 'Via San Marco, 16' LIMIT 1)),
	('HHLZVM70S01G865S', 'Hermes', 'Moscoviz', '2016-10-01', 'Aiuto_Pizzaiolo', (SELECT id FROM pizzeria WHERE indirizzo = 'Via Alberti, 64' LIMIT 1)),
	('WBFZHM97E26G802S', 'Walmart', 'Fizpatrick', '2016-08-30', 'Cassiere', (SELECT id FROM pizzeria WHERE indirizzo = 'Via Sole, 34' LIMIT 1)),
	('JFURTL67L12B645T', 'Jordan', 'Furlan', '2016-01-11', 'Domiciliare_Furgone', (SELECT id FROM pizzeria WHERE indirizzo = 'Via Sole, 34' LIMIT 1)),
	('YYJLFV70L62B693W', 'Ylenia', 'Favaro', '2015-11-24', 'Pizzaiolo', (SELECT id FROM pizzeria WHERE indirizzo = 'Via Vittorio Emanuele, 200' LIMIT 1)),
	('HMBPFQ37P51B217P', 'Helena', 'Bupf', '2015-07-10', 'Cassiere', (SELECT id FROM pizzeria WHERE indirizzo = 'Via Vittorio Emanuele, 200' LIMIT 1)),
	('VVTNYZ33A17G367Q', 'Walter', 'Tennent', '2014-09-02', 'Domiciliare_Furgone', (SELECT id FROM pizzeria WHERE indirizzo = 'Via Alberti, 64' LIMIT 1)),
	('HGPZNK66D14E338W', 'Henger', 'Preganz', '2013-12-27', 'Domiciliare_Macchina', (SELECT id FROM pizzeria WHERE indirizzo = 'Via Alberti, 64' LIMIT 1)),
	('VVTLMY78S41L113C', 'Vittorio', 'Lamanna', '2013-05-15', 'Pizzaiolo', (SELECT id FROM pizzeria WHERE indirizzo = 'Via Filzi, 38C' LIMIT 1)),
	('JMTGQR83E05H455Y', 'Janet', 'Greq', '2013-03-31', 'Cassiere', (SELECT id FROM pizzeria WHERE indirizzo = 'Via Alberti, 64' LIMIT 1)),
	('GCNKCT67E22F156E', 'Giacomo', 'Cattaneo', '2012-06-01', 'Cassiere', (SELECT id FROM pizzeria WHERE indirizzo = 'Via Filzi, 38C' LIMIT 1)),
	('VSXFJH69A67D712E', 'Vasile', 'Fuji', '2012-01-22', 'Pizzaiolo', (SELECT id FROM pizzeria WHERE indirizzo = 'Via Sole, 34' LIMIT 1)),
	('ZTTPMH92E29M102M', 'Zoe', 'Vittori', '2012-01-06', 'Aiuto_Pizzaiolo', (SELECT id FROM pizzeria WHERE indirizzo = 'Via Filzi, 38C' LIMIT 1)),
	('TWFCGD34S64Z901X', 'Tewnty', 'Cagoo', '2011-08-24', 'Domiciliare_Macchina', (SELECT id FROM pizzeria WHERE indirizzo = 'Via Vittorio Emanuele, 200' LIMIT 1)),
	('NWWYRV89L48L919S', 'Newew', 'Yori', '2011-03-16', 'Domiciliare_Macchina', (SELECT id FROM pizzeria WHERE indirizzo = 'Via San Marco, 16' LIMIT 1)),
	('GHRNZQ29P62C599Z', 'Giorgia', 'Zanatta', '2011-04-15', 'Domiciliare_Furgone', (SELECT id FROM pizzeria WHERE indirizzo = 'Via San Marco, 16' LIMIT 1)),
	('HLKLVD67M27B687Y', 'Hilary', 'Kalco', '2013-02-21', 'Pizzaiolo', (SELECT id FROM pizzeria WHERE indirizzo = 'Via Filzi, 38C' LIMIT 1)),
	('FCKTLA71A48D576Q', 'Franck', 'Tala', '2014-05-12', 'Cassiere', (SELECT id FROM pizzeria WHERE indirizzo = 'Via Filzi, 38C' LIMIT 1)),
	('SSRVFL39A27L048Y', 'Asia', 'Reffo', '2016-10-30', 'Aiuto_Pizzaiolo', (SELECT id FROM pizzeria WHERE indirizzo = 'Via Alberti, 64' LIMIT 1)),
	('ZGZGSD27H61D788Z', 'Zagor', 'Grasso', '2018-09-06', 'Domiciliare_Macchina', (SELECT id FROM pizzeria WHERE indirizzo = 'Via Vittorio Emanuele, 200' LIMIT 1)),
	('PVFXPP40E50A354T', 'Puffetta', 'Puffo', '2018-12-20', 'Domiciliare_Furgone', (SELECT id FROM pizzeria WHERE indirizzo = 'Via Vittorio Emanuele, 200' LIMIT 1));

INSERT INTO rifornimento (mittente, magazzino, data) VALUES 
	((SELECT amministrazione FROM pizzeria WHERE indirizzo = 'Via Carlo Alberto, 91'), (SELECT id FROM magazzino WHERE gestore = (SELECT id FROM pizzeria WHERE indirizzo = 'Via Carlo Alberto, 91')), NOW()),
	((SELECT amministrazione FROM pizzeria WHERE indirizzo = 'Via Carlo Alberto, 91'), (SELECT id FROM magazzino WHERE gestore = (SELECT id FROM pizzeria WHERE indirizzo = 'Via Carlo Alberto, 91')), NOW()),
	((SELECT amministrazione FROM pizzeria WHERE indirizzo = 'Via Carlo Alberto, 91'), (SELECT id FROM magazzino WHERE gestore = (SELECT id FROM pizzeria WHERE indirizzo = 'Via Carlo Alberto, 91')), NOW()),
	((SELECT amministrazione FROM pizzeria WHERE indirizzo = 'Via Carlo Alberto, 91'), (SELECT id FROM magazzino WHERE gestore = (SELECT id FROM pizzeria WHERE indirizzo = 'Via Carlo Alberto, 91')), NOW()),
	((SELECT amministrazione FROM pizzeria WHERE indirizzo = 'Via Carlo Alberto, 91'), (SELECT id FROM magazzino WHERE gestore = (SELECT id FROM pizzeria WHERE indirizzo = 'Via Carlo Alberto, 91')), NOW()),
	((SELECT amministrazione FROM pizzeria WHERE indirizzo = 'Via Carlo Alberto, 91'), (SELECT id FROM magazzino WHERE gestore = (SELECT id FROM pizzeria WHERE indirizzo = 'Via Carlo Alberto, 91')), NOW()),
	((SELECT amministrazione FROM pizzeria WHERE indirizzo = 'Via Carlo Alberto, 91'), (SELECT id FROM magazzino WHERE gestore = (SELECT id FROM pizzeria WHERE indirizzo = 'Via Carlo Alberto, 91')), NOW()),
	((SELECT amministrazione FROM pizzeria WHERE indirizzo = 'Via Carlo Alberto, 91'), (SELECT id FROM magazzino WHERE gestore = (SELECT id FROM pizzeria WHERE indirizzo = 'Via Carlo Alberto, 91')), NOW()),
	((SELECT amministrazione FROM pizzeria WHERE indirizzo = 'Via Carlo Alberto, 91'), (SELECT id FROM magazzino WHERE gestore = (SELECT id FROM pizzeria WHERE indirizzo = 'Via Carlo Alberto, 91')), NOW()),
	((SELECT amministrazione FROM pizzeria WHERE indirizzo = 'Via Carlo Alberto, 91'), (SELECT id FROM magazzino WHERE gestore = (SELECT id FROM pizzeria WHERE indirizzo = 'Via Carlo Alberto, 91')), NOW()),
	((SELECT amministrazione FROM pizzeria WHERE indirizzo = 'Via Carlo Alberto, 91'), (SELECT id FROM magazzino WHERE gestore = (SELECT id FROM pizzeria WHERE indirizzo = 'Via Carlo Alberto, 91')), NOW()),
	((SELECT amministrazione FROM pizzeria WHERE indirizzo = 'Via Carlo Alberto, 91'), (SELECT id FROM magazzino WHERE gestore = (SELECT id FROM pizzeria WHERE indirizzo = 'Via Carlo Alberto, 91')), NOW()),
	((SELECT amministrazione FROM pizzeria WHERE indirizzo = 'Via Carlo Alberto, 91'), (SELECT id FROM magazzino WHERE gestore = (SELECT id FROM pizzeria WHERE indirizzo = 'Via Carlo Alberto, 91')), NOW()),
	((SELECT amministrazione FROM pizzeria WHERE indirizzo = 'Via Carlo Alberto, 91'), (SELECT id FROM magazzino WHERE gestore = (SELECT id FROM pizzeria WHERE indirizzo = 'Via Carlo Alberto, 91')), NOW()),
	((SELECT amministrazione FROM pizzeria WHERE indirizzo = 'Via Carlo Alberto, 91'), (SELECT id FROM magazzino WHERE gestore = (SELECT id FROM pizzeria WHERE indirizzo = 'Via Carlo Alberto, 91')), NOW()),
	((SELECT amministrazione FROM pizzeria WHERE indirizzo = 'Via Carlo Alberto, 91'), (SELECT id FROM magazzino WHERE gestore = (SELECT id FROM pizzeria WHERE indirizzo = 'Via Carlo Alberto, 91')), NOW()),
	((SELECT amministrazione FROM pizzeria WHERE indirizzo = 'Via Montegrappa, 23'), (SELECT id FROM magazzino WHERE gestore = (SELECT id FROM pizzeria WHERE indirizzo = 'Via Montegrappa, 23')), NOW()),
	((SELECT amministrazione FROM pizzeria WHERE indirizzo = 'Via Montegrappa, 23'), (SELECT id FROM magazzino WHERE gestore = (SELECT id FROM pizzeria WHERE indirizzo = 'Via Montegrappa, 23')), NOW()),
	((SELECT amministrazione FROM pizzeria WHERE indirizzo = 'Via Montegrappa, 23'), (SELECT id FROM magazzino WHERE gestore = (SELECT id FROM pizzeria WHERE indirizzo = 'Via Montegrappa, 23')), NOW()),
	((SELECT amministrazione FROM pizzeria WHERE indirizzo = 'Via Montegrappa, 23'), (SELECT id FROM magazzino WHERE gestore = (SELECT id FROM pizzeria WHERE indirizzo = 'Via Montegrappa, 23')), NOW()),
	((SELECT amministrazione FROM pizzeria WHERE indirizzo = 'Via Montegrappa, 23'), (SELECT id FROM magazzino WHERE gestore = (SELECT id FROM pizzeria WHERE indirizzo = 'Via Montegrappa, 23')), NOW()),
	((SELECT amministrazione FROM pizzeria WHERE indirizzo = 'Via Montegrappa, 23'), (SELECT id FROM magazzino WHERE gestore = (SELECT id FROM pizzeria WHERE indirizzo = 'Via Montegrappa, 23')), NOW()),
	((SELECT amministrazione FROM pizzeria WHERE indirizzo = 'Via Montegrappa, 23'), (SELECT id FROM magazzino WHERE gestore = (SELECT id FROM pizzeria WHERE indirizzo = 'Via Montegrappa, 23')), NOW()),
	((SELECT amministrazione FROM pizzeria WHERE indirizzo = 'Via Montegrappa, 23'), (SELECT id FROM magazzino WHERE gestore = (SELECT id FROM pizzeria WHERE indirizzo = 'Via Montegrappa, 23')), NOW()),
	((SELECT amministrazione FROM pizzeria WHERE indirizzo = 'Via Montegrappa, 23'), (SELECT id FROM magazzino WHERE gestore = (SELECT id FROM pizzeria WHERE indirizzo = 'Via Montegrappa, 23')), NOW()),
	((SELECT amministrazione FROM pizzeria WHERE indirizzo = 'Via Montegrappa, 23'), (SELECT id FROM magazzino WHERE gestore = (SELECT id FROM pizzeria WHERE indirizzo = 'Via Montegrappa, 23')), NOW()),
	((SELECT amministrazione FROM pizzeria WHERE indirizzo = 'Via Montegrappa, 23'), (SELECT id FROM magazzino WHERE gestore = (SELECT id FROM pizzeria WHERE indirizzo = 'Via Montegrappa, 23')), NOW()),
	((SELECT amministrazione FROM pizzeria WHERE indirizzo = 'Via Montegrappa, 23'), (SELECT id FROM magazzino WHERE gestore = (SELECT id FROM pizzeria WHERE indirizzo = 'Via Montegrappa, 23')), NOW()),
	((SELECT amministrazione FROM pizzeria WHERE indirizzo = 'Via Montegrappa, 23'), (SELECT id FROM magazzino WHERE gestore = (SELECT id FROM pizzeria WHERE indirizzo = 'Via Montegrappa, 23')), NOW()),
	((SELECT amministrazione FROM pizzeria WHERE indirizzo = 'Via Montegrappa, 23'), (SELECT id FROM magazzino WHERE gestore = (SELECT id FROM pizzeria WHERE indirizzo = 'Via Montegrappa, 23')), NOW()),
	((SELECT amministrazione FROM pizzeria WHERE indirizzo = 'Via Montegrappa, 23'), (SELECT id FROM magazzino WHERE gestore = (SELECT id FROM pizzeria WHERE indirizzo = 'Via Montegrappa, 23')), NOW()),
	((SELECT amministrazione FROM pizzeria WHERE indirizzo = 'Via Montegrappa, 23'), (SELECT id FROM magazzino WHERE gestore = (SELECT id FROM pizzeria WHERE indirizzo = 'Via Montegrappa, 23')), NOW());

	INSERT INTO bolla_carico (rifornimento, ingrediente, quantita) VALUES 
		(1, 'Pomodoro', 100),
		(1, 'Tonno', 23),
		(3, 'Mozzarella', 80),
		(4, 'Acciughe', 67),
		(5, 'Basilico', 1),
		(7, 'Pomodorini', 22),
		(8, 'Zucchine', 47),
		(9, 'Prosciutto cotto', 4),
		(10, 'Prosciutto crudo', 7),
		(11, 'Aglio', 2),
		(12, 'Farina', 40),
		(13, 'Origano', 1),
		(14, 'Peperoni', 12),
		(15, 'Capperi', 2),
		(16, 'Spinaci', 17),
		(17, 'Pomodoro', 78),
		(18, 'Rucola', 20),
		(19, 'Mozzarella', 66),
		(20, 'Acciughe', 2),
		(21, 'Basilico', 4),
		(23, 'Pomodorini', 30),
		(24, 'Zucchine', 12),
		(25, 'Prosciutto cotto', 8),
		(26, 'Prosciutto crudo', 3),
		(27, 'Mais', 1),
		(28, 'Farina', 48),
		(29, 'Piselli', 14),
		(30, 'Peperoni', 5),
		(31, 'Radicchio', 9),
		(32, 'Spinaci', 14);


INSERT INTO stock (magazzino, ingrediente, quantita) VALUES
	((SELECT id FROM magazzino WHERE gestore = (SELECT id FROM pizzeria WHERE indirizzo = 'Via Carlo Alberto, 91')), 'Pomodoro', 100),
	((SELECT id FROM magazzino WHERE gestore = (SELECT id FROM pizzeria WHERE indirizzo = 'Via Carlo Alberto, 91')), 'Tonno', 23),
	((SELECT id FROM magazzino WHERE gestore = (SELECT id FROM pizzeria WHERE indirizzo = 'Via Carlo Alberto, 91')), 'Mozzarella', 80),
	((SELECT id FROM magazzino WHERE gestore = (SELECT id FROM pizzeria WHERE indirizzo = 'Via Carlo Alberto, 91')), 'Acciughe', 67),
	((SELECT id FROM magazzino WHERE gestore = (SELECT id FROM pizzeria WHERE indirizzo = 'Via Carlo Alberto, 91')), 'Basilico', 1),
	((SELECT id FROM magazzino WHERE gestore = (SELECT id FROM pizzeria WHERE indirizzo = 'Via Carlo Alberto, 91')), 'Pomodorini', 22),
	((SELECT id FROM magazzino WHERE gestore = (SELECT id FROM pizzeria WHERE indirizzo = 'Via Carlo Alberto, 91')), 'Zucchine', 47),
	((SELECT id FROM magazzino WHERE gestore = (SELECT id FROM pizzeria WHERE indirizzo = 'Via Carlo Alberto, 91')), 'Prosciutto cotto', 4),
	((SELECT id FROM magazzino WHERE gestore = (SELECT id FROM pizzeria WHERE indirizzo = 'Via Carlo Alberto, 91')), 'Prosciutto crudo', 7),
	((SELECT id FROM magazzino WHERE gestore = (SELECT id FROM pizzeria WHERE indirizzo = 'Via Carlo Alberto, 91')), 'Aglio', 2),
	((SELECT id FROM magazzino WHERE gestore = (SELECT id FROM pizzeria WHERE indirizzo = 'Via Carlo Alberto, 91')), 'Farina', 40),
	((SELECT id FROM magazzino WHERE gestore = (SELECT id FROM pizzeria WHERE indirizzo = 'Via Carlo Alberto, 91')), 'Origano', 1),
	((SELECT id FROM magazzino WHERE gestore = (SELECT id FROM pizzeria WHERE indirizzo = 'Via Carlo Alberto, 91')), 'Peperoni', 12),
	((SELECT id FROM magazzino WHERE gestore = (SELECT id FROM pizzeria WHERE indirizzo = 'Via Carlo Alberto, 91')), 'Capperi', 2),
	((SELECT id FROM magazzino WHERE gestore = (SELECT id FROM pizzeria WHERE indirizzo = 'Via Carlo Alberto, 91')), 'Spinaci', 17),
	((SELECT id FROM magazzino WHERE gestore = (SELECT id FROM pizzeria WHERE indirizzo = 'Via Montegrappa, 23')), 'Pomodoro', 78),
	((SELECT id FROM magazzino WHERE gestore = (SELECT id FROM pizzeria WHERE indirizzo = 'Via Montegrappa, 23')), 'Rucola', 20),
	((SELECT id FROM magazzino WHERE gestore = (SELECT id FROM pizzeria WHERE indirizzo = 'Via Montegrappa, 23')), 'Mozzarella', 66),
	((SELECT id FROM magazzino WHERE gestore = (SELECT id FROM pizzeria WHERE indirizzo = 'Via Montegrappa, 23')), 'Acciughe', 2),
	((SELECT id FROM magazzino WHERE gestore = (SELECT id FROM pizzeria WHERE indirizzo = 'Via Montegrappa, 23')), 'Basilico', 4),
	((SELECT id FROM magazzino WHERE gestore = (SELECT id FROM pizzeria WHERE indirizzo = 'Via Montegrappa, 23')), 'Pomodorini', 30),
	((SELECT id FROM magazzino WHERE gestore = (SELECT id FROM pizzeria WHERE indirizzo = 'Via Montegrappa, 23')), 'Zucchine', 12),
	((SELECT id FROM magazzino WHERE gestore = (SELECT id FROM pizzeria WHERE indirizzo = 'Via Montegrappa, 23')), 'Prosciutto cotto', 8),
	((SELECT id FROM magazzino WHERE gestore = (SELECT id FROM pizzeria WHERE indirizzo = 'Via Montegrappa, 23')), 'Prosciutto crudo', 3),
	((SELECT id FROM magazzino WHERE gestore = (SELECT id FROM pizzeria WHERE indirizzo = 'Via Montegrappa, 23')), 'Mais', 1),
	((SELECT id FROM magazzino WHERE gestore = (SELECT id FROM pizzeria WHERE indirizzo = 'Via Montegrappa, 23')), 'Farina', 48),
	((SELECT id FROM magazzino WHERE gestore = (SELECT id FROM pizzeria WHERE indirizzo = 'Via Montegrappa, 23')), 'Piselli', 14),
	((SELECT id FROM magazzino WHERE gestore = (SELECT id FROM pizzeria WHERE indirizzo = 'Via Montegrappa, 23')), 'Peperoni', 5),
	((SELECT id FROM magazzino WHERE gestore = (SELECT id FROM pizzeria WHERE indirizzo = 'Via Montegrappa, 23')), 'Radicchio', 9),
	((SELECT id FROM magazzino WHERE gestore = (SELECT id FROM pizzeria WHERE indirizzo = 'Via Montegrappa, 23')), 'Spinaci', 14);


	INSERT INTO turno (data, dipendente, km) VALUES 
		(, 'CSTMLC06R61H501S', 0), <-- cassiere
		(, 'CSTMLC06R61H501S', 0),
		(, 'CSTMLC06R61H501S', 0),
		(, 'CSTMLC06R61H501S', 0),
		(, 'CSTMLC06R61H501S', 0),
		(, 'CSTMLC06R61H501S', 0),
		(, 'CSTMLC06R61H501S', 0),
		(, 'CSTMLC06R61H501S', 0),
		(, 'CSTMLC06R61H501S', 0),
		(, 'CSTMLC06R61H501S', 0),
		(, 'CSTMLC06R61H501S', 0),
		(, 'MTRNLD10R58F205Q', 0), <-- cassiere
		(, 'MTRNLD10R58F205Q', 0),
		(, 'MTRNLD10R58F205Q', 0),
		(, 'MTRNLD10R58F205Q', 0),
		(, 'MTRNLD10R58F205Q', 0),
		(, 'MTRNLD10R58F205Q', 0),
		(, 'MTRNLD10R58F205Q', 0),
		(, 'MTRNLD10R58F205Q', 0),
		(, 'MTRNLD10R58F205Q', 0),
		(, 'MGGMRN04M61L736R', 0), <-- cassiere
		(, 'MGGMRN04M61L736R', 0), 
		(, 'MGGMRN04M61L736R', 0), 
		(, 'MGGMRN04M61L736R', 0), 
		(, 'MGGMRN04M61L736R', 0), 
		(, 'MGGMRN04M61L736R', 0), 
		(, 'MGGMRN04M61L736R', 0), 
		(, 'MGGMRN04M61L736R', 0), 
		(, 'MGGMRN04M61L736R', 0), 
		(, 'MGGMRN04M61L736R', 0), 
		(, 'MGGMRN04M61L736R', 0), 
		(, 'MGGMRN04M61L736R', 0), 
		(, 'MGGMRN04M61L736R', 0), 
		(, 'MGGMRN04M61L736R', 0), <-- cassiere
		(, 'MGGMRN04M61L736R', 0), 
		(, 'MGGMRN04M61L736R', 0), 
		(, 'MGGMRN04M61L736R', 0), 
		(, 'MGGMRN04M61L736R', 0), 
		(, 'MGGMRN04M61L736R', 0), 
		(, 'MGGMRN04M61L736R', 0), 
		(, 'MGGMRN04M61L736R', 0), 
		(, 'MGGMRN04M61L736R', 0), 
		(, 'MGGMRN04M61L736R', 0), 
		(, 'MGGMRN04M61L736R', 0), 


