/*
 * QUESTO FILE CONTIENE TUTTO IL CODICE UTILE-NECESSARIO-INDISPENSABILE PER L'INSERIMENTO DEI DATI IN TUTTE LE TABELLE DEL
 * DATABASE DI PADUPIZZA.
 * IL CORRETTO UTILIZZO È MOLTO SEMPLICE ED INTUITIVO;
 * VI SONO DUE POSSIBILITÀ DI INSERIMENTO:
 * 1) COPIA-INCOLLA DEL CODICE SOTTOSTANTE NELLA SEZIONE "Query Tool" DEL SOFTWARE PgAdmin4©, PER POI L'ESECUZIONE DELLA
 *	  TRANSAZIONE
 * 2) NELLA SEZIONE "Query Tool" DEL SOFTWARE PgAdmin4©, UTILIZZANDO IL TASTO "Open File", È POSSIBILE SELEZIONARE UN FILE
 *    CON ESTENSIONE ".sql" PER L'IMPORTAZIONE DI CODICE DA ESEGUIRE NELLA QUERY. SELEZIONANDO QUESTA ALTERNATIVA, IL CODICE
 *    IN QUESTIONE SI TROVERÀ NEL PATH "~/PaduPizza/SQL/fill_tables.sql", DOVE "~" INDICA TUTTO IL PERCORSO DI CARTELLE NELLA
 *    MACCHINA DELL'UTENTE UTILIZZATORE RAPPRESENTANTE LA DIRECTORY MADRE, CONTENENTE LA DIRECTORY PADUPIZZA.
*/


/*
 * Query da utilizzare per l'inserimento di tutti i dati necessari nella tabella contenente gli ingredienti utili per
 * la creazione delle pizze
*/
INSERT INTO ingrediente (nome, conservazione) VALUES 
	('Pomodoro', 'Fuori frigo'),
	('Origano', 'Fuori frigo'),
	('Aglio', 'Fuori frigo'),
	('Mozzarella', 'Frigo'),
	('Salamino piccante', 'Frigo'),
	('Würstel', 'Frigo'),
	('Prosciutto cotto', 'Frigo'),
	('Speck', 'Frigo'),
	('Porchetta', 'Frigo'),
	('Bresaola', 'Frigo'),
	('Pancetta affumicata', 'Frigo'),
	('Salsiccia', 'Frigo'),
	('Sfilacci di cavallo', 'Frigo'),
	('Lardo', 'Frigo'),
	('Pancetta arrotolata', 'Frigo'),
	('Sopressa', 'Frigo'),
	('Prosciutto crudo', 'Frigo'),
	('Asparagi', 'Fuori frigo'),
	('Funghi', 'Fuori frigo'),
	('Carciofi', 'Fuori frigo'),
	('Olive', 'Fuori frigo'),
	('Olive verdi', 'Fuori frigo'),
	('Olive nere', 'Fuori frigo'),
	('Olive taggiasche', 'Fuori frigo'),
	('Peperoni', 'Frigo'),
	('Peperoni grigliati', 'Frigo'),
	('Peperoni al forno', 'Frigo'),
	('Capperi', 'Fuori frigo'),
	('Zucchine grigliate', 'Frigo'),
	('Melanzane', 'Frigo'),
	('Melanzane grigliate', 'Frigo'),
	('Patate fritte', 'Freezer'),
	('Patate al forno', 'Frigo'),
	('Zucchine', 'Frigo'),
	('Cipolla rossa', 'Fuori frigo'),
	('Cipolla bianca', 'Fuori frigo'),
	('Funghi Porcini', 'Funghi frigo'),
	('Spinaci', 'Frigo'),
	('Rucola', 'Frigo'),
	('Pomodorini', 'Frigo'),
	('Basilico', 'Frigo'),
	('Piselli', 'Fuori frigo'),
	('Mais', 'Fuori frigo'),
	('Funghi Chiodini', 'Fuori frigo'),
	('Tartufo nero', 'Frigo'),
	('Tartufo bianco', 'Frigo'),
	('Crema di funghi', 'Frigo'),
	('Crema di zucca', 'Frigo'),
	('Peperoncino', 'Fuori frigo'),
	('Noci', 'Fuori frigo'),
	('Pere', 'Fuori frigo'),
	('Ananas', 'Frigo'),
	('Radicchio', 'Frigo'),
	('Radicchio di Treviso', 'Frigo'),
	('Radicchio di Chioggia', 'Frigo'),
	('Pinoli', 'Fuori frigo'),
	('Rosmarino', 'Fuori frigo'),
	('Pesto genovese', 'Frigo'),
	('Formaggio Asiago', 'Frigo'),
	('Formaggio Gorgonzola', 'Frigo'),
	('Grana Padano', 'Frigo'),
	('Ricotta', 'Frigo'),
	('Mozzarella di Bufala', 'Frigo'),
	('Panna', 'Frigo'),
	('Philadelphia', 'Frigo'),
	('Provola', 'Frigo'),
	('Provola affumicata', 'Frigo'),
	('Burrata', 'Frigo'),
	('Briè', 'Frigo'),
	('Stracchino', 'Frigo'),
	('Acciughe', 'Frigo'),
	('Salmone affumicato', 'Frigo'),
	('Tonno sott''olio', 'Fuori frigo'),
	('Frutti di mare', 'Frigo'),
	('Gamberetti', 'Frigo'),
	('Polpa di granchio', 'Frigo'),
	('Tonno', 'Fuori Frigo');

/*
 * Query da utilizzare per l'inserimento di tutti i dati necessari nella tabella formato_pizza, utili per
 * la distinzione dei vari formati delle pizze negli ordini
*/
INSERT INTO formato_pizza VALUES 
	('Mignon', -1.00),
	('Normale', 0.00),
	('Famiglia', 1.00),
	('Doppia pasta', 1.50),
	('Calzone', 0.50);

INSERT INTO cliente (cognome,indirizzo) VALUES 
	('Rossi','Via Francesco Girardi 128, Padova, PD'),
	('Villa','Via Sedile di Porto 23, Padova, PD'),
	('Esposito','Via Giotto 64, Verona, VR'),
	('Gentile','Via Santa Teresa degli Scalzi 128, Tombolo, PD'),
	('Bruno','P.O. Box 610, 2457 Risus. St.'),
	('Ferrante','Ap #968-7062 Velit. Ave'),
	('Ferrero','7211 Phasellus Avenue'),
	('Montanari','Ap #264-6008 Libero Av.'),
	('Pagano','9115 Massa. Rd.'),
	('Farina','3502 Fusce Road'),
	('De Santis','P.O. Box 565, 4346 Integer Rd.'),
	('Caruso','152 Ullamcorper, Road'),
	('Napolitano','1768 Sodales Ave'),
	('Caruso','Ap #405-6132 Nibh Rd.'),
	('Mele','Ap #636-789 Eu St.'),
	('Bernardi','431-9948 Convallis St.'),
	('Santoro','Ap #176-326 Aliquam Rd.'),
	('Ferrero','571-4109 Praesent Ave'),
	('Lombardo','706-495 Fermentum St.'),
	('Pastore','3422 Nulla Av.'),
	('Moro','Ap #541-1980 Arcu. St.'),
	('Ferraro','Ap #740-8475 Sit Avenue'),
	('Barone','P.O. Box 698, 6698 Id, St.'),
	('Perrone','Ap #402-8224 Sapien St.'),
	('Farina','7169 Dui. Rd.'),
	('Rizzi','4629 Libero. Ave'),
	('Grasso','P.O. Box 194, 3081 Malesuada St.'),
	('Valente','986-8728 Dolor Rd.'),
	('Giuliani','Ap #845-3506 Malesuada Street'),
	('Piras','P.O. Box 442, 7589 Mauris Street'),
	('De Rosa','614 Integer St.'),
	('Grasso','4387 Turpis Rd.'),
	('Pinna','7879 Natoque Road'),
	('Sorrentino','4637 Urna Street'),
	('Rinaldi','8926 Ullamcorper, Ave'),
	('Grasso','224 In Street'),
	('Fumagalli','Ap #572-2377 Mi Rd.'),
	('Costantini','6868 Tortor. Road'),
	('Esposito','P.O. Box 605, 427 Vitae, Avenue'),
	('Ferretti','P.O. Box 526, 490 Leo. Street'),
	('De Santis','Ap #114-5184 Libero. St.'),
	('Bruni','581-8707 Mattis. Street'),
	('Martini','2478 Ullamcorper Rd.'),
	('Villa','Ap #671-4445 Magna. Road'),
	('Milani','P.O. Box 501, 2657 Justo Avenue'),
	('Catalano','486-9014 Nec St.'),
	('Sala','Ap #501-4490 Adipiscing Street'),
	('Parisi','Ap #404-4495 Egestas Avenue'),
	('Riva','460-1403 In Av.'),
	('Montanari','P.O. Box 731, 5194 Malesuada St.'),
	('Grassi','640-8781 Pellentesque Av.'),
	('Sala','205-8224 Ut Av.'),
	('Ferro','2808 In St.'),
	('Moro','1252 Nam Avenue'),
	('Pinna','Ap #520-8337 Mauris Street'),
	('Serra','641-2673 Tellus Road'),
	('Albanese','428-2049 Rhoncus. Rd.'),
	('Bianco','379-5746 Vulputate Rd.'),
	('Greco','P.O. Box 245, 953 Risus. Rd.'),
	('Messina','574-5579 Sem St.'),
	('Ferro','835-9834 Tempus Avenue'),
	('Grimaldi','143-3512 Nunc St.'),
	('Sala','230 Quam Rd.'),
	('Villa','Ap #534-9703 Orci Av.'),
	('Benedetti','P.O. Box 899, 4429 Massa. St.'),
	('Conte','868-5984 Nulla Road'),
	('Di Stefano','Ap #459-570 Nullam Avenue'),
	('Russo','690-1716 Nisi. Rd.'),
	('Leone','P.O. Box 525, 5310 Lacus, St.'),
	('Sanna','Ap #795-1294 Sit Av.'),
	('Antonelli','Ap #717-1556 Consequat St.'),
	('Vitale','Ap #408-682 Consequat Street'),
	('Palumbo','Ap #544-7883 Mauris Rd.'),
	('Aiello','1990 Tempus St.'),
	('Sanna','7766 Sed Rd.'),
	('Proietti','Ap #823-8038 Libero. Avenue'),
	('Conte','P.O. Box 172, 9085 Penatibus Avenue'),
	('Conte','P.O. Box 415, 9057 Libero Street'),
	('Costantini','P.O. Box 837, 1436 Orci, Rd.'),
	('Ferrara','P.O. Box 651, 6976 Elit Street'),
	('Sorrentino','1548 In Rd.'),
	('Vitali','P.O. Box 786, 9851 Taciti Av.'),
	('Ruggiero','P.O. Box 649, 3983 Dolor Av.'),
	('Ricciardi','P.O. Box 571, 445 Eget, St.'),
	('Sanna','8894 Ac St.'),
	('Ferrante','978-9300 Sed St.'),
	('Zanetti','Ap #146-1491 Sit Ave'),
	('Valentini','836-5738 Vitae Rd.'),
	('Vitale','186-5408 Fringilla Rd.'),
	('Martinelli','Ap #995-589 Neque. St.'),
	('Martini','497 Lacus. Av.'),
	('Costa','603-8657 Tincidunt, Avenue'),
	('Ferri','P.O. Box 715, 6646 Nunc Ave'),
	('Pellegrino','P.O. Box 353, 8544 Ac Av.'),
	('Ferrante','9370 Aenean Street'),
	('Catalano','P.O. Box 164, 4979 Et, St.'),
	('Franco','Ap #985-5498 Eu, St.'),
	('Brambilla','365-5427 Odio. St.'),
	('Catalano','Ap #911-5365 Vestibulum, St.'),
	('Ferraro','P.O. Box 292, 8152 Cras Avenue');


INSERT INTO stipendio_base (impiego, stipendio) VALUES
	('Domiciliare_Furgone', 25.0),
	('Domiciliare_Macchina', 20.0),
	('Cassiere', 30.0),
	('Pizzaiolo', 40.0),
	('Aiuto_Pizzaiolo', 35.0);

INSERT INTO calendario (giorno_chiusura, ora_apertura, ora_chiusura) VALUES 
	(1, '18:00', '22:00'),
	(2, '18:00', '22:00'),
	(3, '18:00', '22:00'),
	(4, '18:00', '22:00'),
	(5, '18:00', '22:00'),
	(6, '18:00', '22:00'),
	(7, '18:00', '22:00');

INSERT INTO pizza (nome, prezzo) VALUES
	('Marinara', 4.00),
	('Margherita', 4.50),
	('Viennese', 5.00),
	('Diavola', 5.00),
	('Prosciutto cotto', 5.00),
	('Siciliana', 6.50),
	('Pugliese', 5.00),
	('Romana', 5.50),
	('Prosciutto e funghi', 6.00),
	('Misto bosco', 6.50),
	('Parmiggiana', 7.00),
	('Estate', 7.00),
	('Zucchine', 6.50),
	('Bufalina', 7.00),
	('Prosciutto e carciofi', 6.50),
	('Tonno e cipolla', 6.00),
	('4 stagioni', 6.50),
	('4 formaggi', 6.50),
	('Capricciosa', 6.50),
	('Asparagi', 5.00),
	('Gorgonzola', 5.00),
	('Inglesina', 6.00),
	('Peperoni', 5.00),
	('Philadelphia', 5.20),
	('Porchetta', 6.00),
	('Porcini', 5.50),
	('Radicchio', 4,80),
	('Rucola e grana', 5.50),
	('Tirolese', 6.00),
	('Tonno', 6.00),
	('Treviso', 5.50),
	('Turbo', 8.00),
	('Verdure ai ferri', 6.50),
	('Zingara', 7.00),
	('Bresaola rucola e grana', 7.00),
	('Brie e speck', 7.00),
	('Gamberetti', 6.00),
	('Gorgonzola e salsiccia', 6.00),
	('Gorgonzola e speck', 7.00),
	('Mari e monti', 7.00),
	('Melanzane e crudo', 8.00),
	('Melanzane e ricotta', 6.50),
	('Nick', 8.00),
	('Montanara', 8.00),
	('Porcini crudo e grana', 7.50),
	('Porcini e provola', 7.00),
	('Porcini e ricotta', 7.00),
	('Porcini e salsiccia', 7.00),
	('Salsiccia', 5.00),
	('Provola e pancetta', 6.00),
	('Provola e speck', 6.50),
	('Sfilacci', 6.50),
	('Ricotta e spinaci', 5.50),
	('Tombolina', 6.00);

INSERT INTO ricetta (pizza, ingrediente) VALUES
	('Marinara', 'Pomodoro'),
	('Marinara', 'Aglio'),
	('Marinara', 'Origano'),
	('Margherita', 'Pomodoro'),
	('Margherita', 'Mozzarella'),
	('Viennese', 'Pomodoro'),
	('Viennese', 'Mozzarella'),
	('Viennese', 'Würstel'),
	('Diavola', 'Pomodoro'),
	('Diavola', 'Mozzarella'),
	('Diavola', 'Salamino piccante'),
	('Prosciutto cotto', 'Pomodoro'),
	('Prosciutto cotto', 'Mozzarella'),
	('Prosciutto cotto', 'Prosciutto cotto'),
	('Siciliana', 'Pomodoro'),
	('Siciliana', 'Mozzarella'),
	('Siciliana', 'Acciughe'),
	('Siciliana', 'Salamino piccante'),
	('Siciliana', 'Capperi'),
	('Siciliana', 'Olive verdi'),
	('Pugliese', 'Pomodoro'),
	('Pugliese', 'Mozzarella'),
	('Pugliese', 'Cipolla bianca'),
	('Romana', 'Pomodoro'),
	('Romana', 'Mozzarella'),
	('Romana', 'Acciughe'),
	('Romana', 'Origano'),
	('Prosciutto e funghi', 'Pomodoro'),
	('Prosciutto e funghi', 'Mozzarella'),
	('Prosciutto e funghi', 'Prosciutto cotto'),
	('Prosciutto e funghi', 'Funghi'),
	('Misto bosco', 'Pomodoro'),
	('Misto bosco', 'Mozzarella'),
	('Misto bosco', 'Funghi'),
	('Parmiggiana', 'Pomodoro'),
	('Parmiggiana', 'Mozzarella'),
	('Parmiggiana', 'Melanzane'),
	('Parmiggiana', 'Grana Padano'),
	('Estate', 'Pomodoro'),
	('Estate', 'Mozzarella'),
	('Estate', 'Pomodorini'),
	('Estate', 'Basilico'),
	('Zucchine', 'Pomodoro'),
	('Zucchine', 'Mozzarella'),
	('Zucchine', 'Zucchine'),
	('Bufalina', 'Pomodoro'),
	('Bufalina', 'Mozzarella di Bufala'),
	('Prosciutto e carciofi', 'Pomodoro'),
	('Prosciutto e carciofi', 'Mozzarella'),
	('Prosciutto e carciofi', 'Prosciutto cotto'),
	('Prosciutto e carciofi', 'Carciofi'),
	('Tonno e cipolla', 'Pomodoro'),
	('Tonno e cipolla', 'Mozzarella'),
	('Tonno e cipolla', 'Tonno'),
	('Tonno e cipolla', 'Cipolla bianca'),
	('4 stagioni', 'Pomodoro'),
	('4 stagioni', 'Mozzarella'),
	('4 stagioni', 'Prosciutto cotto'),
	('4 stagioni', 'Funghi'),
	('4 stagioni', 'Carciofi'),
	('4 formaggi', 'Pomodoro'),
	('4 formaggi', 'Mozzarella'),
	('4 formaggi', 'Formaggio Gorgonzola'),
	('4 formaggi', 'Formaggio Asiago'),
	('Capricciosa', 'Pomodoro'),
	('Capricciosa', 'Mozzarella'),
	('Capricciosa', 'Prosciutto cotto'),
	('Capricciosa', 'Funghi'),
	('Capricciosa', 'Carciofi'),
	('Capricciosa', 'Capperi'),
	('Asparagi', 'Pomodoro'),
	('Asparagi', 'Mozzarella'),
	('Asparagi', 'Asparagi'),
	('Gorgonzola', 'Pomodoro'),
	('Gorgonzola', 'Mozzarella'),
	('Gorgonzola', 'Gorgonzola'),
	('Inglesina', 'Pomodoro'),
	('Inglesina', 'Mozzarella'),
	('Inglesina', 'Prosciutto crudo'),
	('Peperoni', 'Pomodoro'),
	('Peperoni', 'Mozzarella'),
	('Peperoni', 'Peperoni al forno'),
	('Philadelphia', 'Pomodoro'),
	('Philadelphia', 'Mozzarella'),
	('Philadelphia', 'Philadelphia'),
	('Porchetta', 'Pomodoro'),
	('Porchetta', 'Mozzarella'),
	('Porchetta', 'Porchetta'),
	('Porcini', 'Pomodoro'),
	('Porcini', 'Mozzarella'),
	('Porcini', 'Funghi porcini'),
	('Radicchio', 'Pomodoro'),
	('Radicchio', 'Mozzarella'),
	('Radiccchio', 'Radicchio'),
	('Rucola e grana', 'Pomodoro'),
	('Rucola e grana', 'Mozzarella'),
	('Rucola e grana', 'Rucola'),
	('Rucola e grana', 'Grana padano'),
	('Tirolese', 'Pomodoro'),
	('Tirolese', 'Mozzarella'),
	('Tirolese', 'Speck'),
	('Tonno', 'Pomodoro'),
	('Tonno', 'Mozzarella'),
	('Tonno', 'Tonno'),
	('Treviso', 'Pomodoro'),
	('Treviso', 'Mozzarella'),
	('Treviso', 'Radicchio di Treviso'),
	('Turbo', 'Pomodoro'),
	('Turbo', 'Mozzarella'),
	('Turbo', 'Prosciutto cotto'),
	('Turbo', 'Funghi'),
	('Turbo', 'Carciofi'),
	('Turbo', 'Olive verdi'),
	('Turbo', 'Pomodorini'),
	('Turbo', 'Asparagi'),
	('Turbo', 'Salamino piccante'),
	('Turbo', 'Würstel'),
	('Verdure ai ferri', 'Pomodoro'),
	('Verdure ai ferri', 'Mozzarella'),
	('Verdure ai ferri', 'Melanzane grigliate'),
	('Verdure ai ferri', 'Peperoni al forno'),
	('Verdure ai ferri', 'Zucchine grigliate'),
	('Zingara', 'Pomodoro'),
	('Zingara', 'Mozzarella'),
	('Zingara', 'Salamino piccante'),
	('Zingara', 'Funghi'),
	('Zingara', 'Olive'),
	('Zingara', 'Peperoni al forno'),
	('Bresaola rucola e grana', 'Pomodoro'),
	('Bresaola rucola e grana', 'Mozzarella'),
	('Bresaola rucola e grana', 'Bresaola'),
	('Bresaola rucola e grana', 'Rucola'),
	('Bresaola rucola e grana', 'Grana padano'),
	('Brie e speck', 'Pomodoro'),
	('Brie e speck', 'Mozzarella'),
	('Brie e speck', 'Briè'),
	('Brie e speck', 'Speck'),
	('Gamberetti', 'Pomodoro'),
	('Gamberetti', 'Mozzarella'),
	('Gamberetti', 'Gamberetti'),
	('Gorgonzola e salsiccia', 'Pomodoro'),
	('Gorgonzola e salsiccia', 'Mozzarella'),
	('Gorgonzola e salsiccia', 'Formaggio gorgonzola'),
	('Gorgonzola e salsiccia', 'Salsiccia'),
	('Gorgonzola e speck', 'Pomodoro'),
	('Gorgonzola e speck', 'Mozzarella'),
	('Gorgonzola e speck', 'Formaggio gorgonzola'),
	('Gorgonzola e speck', 'Speck'),
	('Mari e monti', 'Pomodoro'),
	('Mari e monti', 'Mozzarella'),
	('Mari e monti', 'Funghi'),
	('Mari e monti', 'Gamberetti'),
	('Melanzane e crudo', 'Pomodoro'),
	('Melanzane e crudo', 'Mozzarella'),
	('Melanzane e crudo', 'Melanzane grigliate'),
	('Melanzane e crudo', 'Prosciutto crudo'),
	('Melanzane e ricotta', 'Pomodoro'),
	('Melanzane e ricotta', 'Mozzarella'),
	('Melanzane e ricotta', 'Melanzane grigliate'),
	('Melanzane e ricotta', 'Ricotta'),
	('Nick', 'Pomodoro'),
	('Nick', 'Mozzarella'),
	('Nick', 'Funghi porcini'),
	('Nick', 'Pomodorini'),
	('Nick', 'Porchetta'),
	('Montanara', 'Pomodoro'),
	('Montanara', 'Mozzarella'),
	('Montanara', 'Funghi Chiodini'),
	('Montanara', 'Pancetta affumicata'),
	('Montanara', 'Formaggio gorgonzola'),
	('Porcini crudo e grana', 'Pomodoro'),
	('Porcini crudo e grana', 'Mozzarella'),
	('Porcini crudo e grana', 'Funghi porcini'),
	('Porcini crudo e grana', 'Prosciutto crudo'),
	('Porcini crudo e grana', 'Grana padano'),
	('Porcini e provola', 'Pomodoro'),
	('Porcini e provola', 'Mozzarella'),
	('Porcini e provola', 'Funghi porcini'),
	('Porcini e provola', 'Provola'),
	('Porcini e ricotta', 'Pomodoro'),
	('Porcini e ricotta', 'Mozzarella'),
	('Porcini e ricotta', 'Funghi porcini'),
	('Porcini e ricotta', 'Ricotta'),
	('Porcini e salsiccia', 'Pomodoro'),
	('Porcini e salsiccia', 'Mozzarella'),
	('Porcini e salsiccia', 'Funghi porcini'),
	('Porcini e salsiccia', 'Salsiccia'),
	('Salsiccia', 'Pomodoro'),
	('Salsiccia', 'Mozzarella'),
	('Salsiccia', 'Salsiccia'),
	('Provola e pancetta', 'Pomodoro'),
	('Provola e pancetta', 'Mozzarella'),
	('Provola e pancetta', 'Provola'),
	('Provola e pancetta', 'Pancetta affumicata'),
	('Provola e speck', 'Pomodoro'),
	('Provola e speck', 'Mozzarella'),
	('Provola e speck', 'Provola'),
	('Provola e speck', 'Speck'),
	('Sfilacci', 'Pomodoro'),
	('Sfilacci', 'Mozzarella'),
	('Sfilacci', 'Sfilacci di cavallo'),
	('Ricotta e spinaci', 'Pomodoro'),
	('Ricotta e spinaci', 'Mozzarella'),
	('Ricotta e spinaci', 'Ricotta'),
	('Ricotta e spinaci', 'Spinaci'),
	('Tombolina', 'Pomodoro'),
	('Tombolina', 'Mozzarella'),
	('Tombolina', 'Stracchino'),
	('Tombolina', 'Rucola');