/*
 * QUESTO FILE CONTIENE TUTTO IL CODICE UTILE-NECESSARIO-INDISPENSABILE PER L'INSERIMENTO DEI DATI IN TUTTE LE TABELLE DEL
 * DATABASE DI PADUPIZZA.
 * IL CORRETTO UTILIZZO È MOLTO SEMPLICE ED INTUITIVO;
 * VI SONO DUE POSSIBILITÀ DI INSERIMENTO:
 * 1) COPIA-INCOLLA DEL CODICE SOTTOSTANTE NELLA SEZIONE "Query Tool" DEL SOFTWARE PgAdmin4©, PER POI L'ESECUZIONE DELLA
 *	  TRANSAZIONE
 * 2) NELLA SEZIONE "Query Tool" DEL SOFTWARE PgAdmin4©, UTILIZZANDO IL TASTO "Open File", È POSSIBILE SELEZIONARE UN FILE
 *    CON ESTENSIONE ".sql" PER L'IMPORTAZIONE DI CODICE DA ESEGUIRE NELLA QUERY. SELEZIONANDO QUESTA ALTERNATIVA, IL CODICE
 *    IN QUESTIONE SI TROVERÀ NEL PATH "~/PaduPizza/SQL/fill_tables.sql", DOVE "~" INDICA TUTTO IL PERCORSO DI CARTELLE NELLA
 *    MACCHINA DELL'UTENTE UTILIZZATORE RAPPRESENTANTE LA DIRECTORY MADRE, CONTENENTE LA DIRECTORY PADUPIZZA.
*/


/*
 * Query da utilizzare per l'inserimento di tutti i dati necessari nella tabella contenente gli ingredienti utili per
 * la creazione delle pizze
*/
INSERT INTO ingrediente (nome, conservazione) VALUES
	('Farina', 'Fuori frigo'),
	('Palline di pasta normale', 'Frigo'),
	('Palline di pasta famiglia', 'Frigo'),
	('Palline di pasta integrale', 'Frigo'),
	('Pomodoro', 'Fuori frigo'),
	('Origano', 'Fuori frigo'),
	('Aglio', 'Fuori frigo'),
	('Mozzarella', 'Frigo'),
	('Salamino piccante', 'Frigo'),
	('Würstel', 'Frigo'),
	('Prosciutto cotto', 'Frigo'),
	('Speck', 'Frigo'),
	('Porchetta', 'Frigo'),
	('Bresaola', 'Frigo'),
	('Pancetta affumicata', 'Frigo'),
	('Salsiccia', 'Frigo'),
	('Sfilacci di cavallo', 'Frigo'),
	('Lardo', 'Frigo'),
	('Pancetta arrotolata', 'Frigo'),
	('Sopressa', 'Frigo'),
	('Prosciutto crudo', 'Frigo'),
	('Asparagi', 'Fuori frigo'),
	('Funghi', 'Fuori frigo'),
	('Carciofi', 'Fuori frigo'),
	('Olive', 'Fuori frigo'),
	('Olive verdi', 'Fuori frigo'),
	('Olive nere', 'Fuori frigo'),
	('Olive taggiasche', 'Fuori frigo'),
	('Peperoni', 'Frigo'),
	('Peperoni grigliati', 'Frigo'),
	('Peperoni al forno', 'Frigo'),
	('Capperi', 'Fuori frigo'),
	('Zucchine grigliate', 'Frigo'),
	('Melanzane', 'Frigo'),
	('Melanzane grigliate', 'Frigo'),
	('Patate fritte', 'Freezer'),
	('Patate al forno', 'Frigo'),
	('Zucchine', 'Frigo'),
	('Cipolla rossa', 'Fuori frigo'),
	('Cipolla bianca', 'Fuori frigo'),
	('Funghi Porcini', 'Funghi frigo'),
	('Spinaci', 'Frigo'),
	('Rucola', 'Frigo'),
	('Pomodorini', 'Frigo'),
	('Basilico', 'Frigo'),
	('Piselli', 'Fuori frigo'),
	('Mais', 'Fuori frigo'),
	('Funghi Chiodini', 'Fuori frigo'),
	('Tartufo nero', 'Frigo'),
	('Tartufo bianco', 'Frigo'),
	('Crema di funghi', 'Frigo'),
	('Crema di zucca', 'Frigo'),
	('Peperoncino', 'Fuori frigo'),
	('Noci', 'Fuori frigo'),
	('Pere', 'Fuori frigo'),
	('Ananas', 'Frigo'),
	('Radicchio', 'Frigo'),
	('Radicchio di Treviso', 'Frigo'),
	('Radicchio di Chioggia', 'Frigo'),
	('Pinoli', 'Fuori frigo'),
	('Rosmarino', 'Fuori frigo'),
	('Pesto genovese', 'Frigo'),
	('Formaggio Asiago', 'Frigo'),
	('Formaggio Gorgonzola', 'Frigo'),
	('Grana Padano', 'Frigo'),
	('Ricotta', 'Frigo'),
	('Mozzarella di Bufala', 'Frigo'),
	('Panna', 'Frigo'),
	('Philadelphia', 'Frigo'),
	('Provola', 'Frigo'),
	('Provola affumicata', 'Frigo'),
	('Burrata', 'Frigo'),
	('Briè', 'Frigo'),
	('Stracchino', 'Frigo'),
	('Acciughe', 'Frigo'),
	('Salmone affumicato', 'Frigo'),
	('Tonno sott''olio', 'Fuori frigo'),
	('Frutti di mare', 'Frigo'),
	('Gamberetti', 'Frigo'),
	('Polpa di granchio', 'Frigo'),
	('Tonno', 'Fuori Frigo');

/*
 * Query da utilizzare per l'inserimento di tutti i dati necessari nella tabella formato_pizza, utili per
 * la distinzione dei vari formati delle pizze negli ordini
*/
INSERT INTO formato_pizza VALUES 
	('Mignon', -1.00),
	('Normale', 0.00),
	('Famiglia', 1.00),
	('Doppia pasta', 1.50),
	('Integrale', 1.50),
	('Calzone', 0.50);

/*
 * Query per l'inserimento di tutti i dati necessari nella tabella cliente
*/

INSERT INTO cliente (cognome,indirizzo) VALUES 
	('Rossi','Via Francesco Girardi 128, Padova, PD'),
	('Villa','Via Sedile di Porto 23, Padova, PD'),
	('Esposito','Via Giotto 64, Verona, VR'),
	('Gentile','Via Santa Teresa degli Scalzi 128, Tombolo, PD'),
	('Bruno','P.O. Box 610, 2457 Risus. St.'),
	('Ferrante','Ap #968-7062 Velit. Ave'),
	('Ferrero','7211 Phasellus Avenue'),
	('Montanari','Ap #264-6008 Libero Av.'),
	('Pagano','9115 Massa. Rd.'),
	('Farina','3502 Fusce Road'),
	('De Santis','P.O. Box 565, 4346 Integer Rd.'),
	('Caruso','152 Ullamcorper, Road'),
	('Napolitano','1768 Sodales Ave'),
	('Caruso','Ap #405-6132 Nibh Rd.'),
	('Mele','Ap #636-789 Eu St.'),
	('Bernardi','431-9948 Convallis St.'),
	('Santoro','Ap #176-326 Aliquam Rd.'),
	('Ferrero','571-4109 Praesent Ave'),
	('Lombardo','706-495 Fermentum St.'),
	('Pastore','3422 Nulla Av.'),
	('Moro','Ap #541-1980 Arcu. St.'),
	('Ferraro','Ap #740-8475 Sit Avenue'),
	('Barone','P.O. Box 698, 6698 Id, St.'),
	('Perrone','Ap #402-8224 Sapien St.'),
	('Farina','7169 Dui. Rd.'),
	('Rizzi','4629 Libero. Ave'),
	('Grasso','P.O. Box 194, 3081 Malesuada St.'),
	('Valente','986-8728 Dolor Rd.'),
	('Giuliani','Ap #845-3506 Malesuada Street'),
	('Piras','P.O. Box 442, 7589 Mauris Street'),
	('De Rosa','614 Integer St.'),
	('Grasso','4387 Turpis Rd.'),
	('Pinna','7879 Natoque Road'),
	('Sorrentino','4637 Urna Street'),
	('Rinaldi','8926 Ullamcorper, Ave'),
	('Grasso','224 In Street'),
	('Fumagalli','Ap #572-2377 Mi Rd.'),
	('Costantini','6868 Tortor. Road'),
	('Esposito','P.O. Box 605, 427 Vitae, Avenue'),
	('Ferretti','P.O. Box 526, 490 Leo. Street'),
	('De Santis','Ap #114-5184 Libero. St.'),
	('Bruni','581-8707 Mattis. Street'),
	('Martini','2478 Ullamcorper Rd.'),
	('Villa','Ap #671-4445 Magna. Road'),
	('Milani','P.O. Box 501, 2657 Justo Avenue'),
	('Catalano','486-9014 Nec St.'),
	('Sala','Ap #501-4490 Adipiscing Street'),
	('Parisi','Ap #404-4495 Egestas Avenue'),
	('Riva','460-1403 In Av.'),
	('Montanari','P.O. Box 731, 5194 Malesuada St.'),
	('Grassi','640-8781 Pellentesque Av.'),
	('Sala','205-8224 Ut Av.'),
	('Ferro','2808 In St.'),
	('Moro','1252 Nam Avenue'),
	('Pinna','Ap #520-8337 Mauris Street'),
	('Serra','641-2673 Tellus Road'),
	('Albanese','428-2049 Rhoncus. Rd.'),
	('Bianco','379-5746 Vulputate Rd.'),
	('Greco','P.O. Box 245, 953 Risus. Rd.'),
	('Messina','574-5579 Sem St.'),
	('Ferro','835-9834 Tempus Avenue'),
	('Grimaldi','143-3512 Nunc St.'),
	('Sala','230 Quam Rd.'),
	('Villa','Ap #534-9703 Orci Av.'),
	('Benedetti','P.O. Box 899, 4429 Massa. St.'),
	('Conte','868-5984 Nulla Road'),
	('Di Stefano','Ap #459-570 Nullam Avenue'),
	('Russo','690-1716 Nisi. Rd.'),
	('Leone','P.O. Box 525, 5310 Lacus, St.'),
	('Sanna','Ap #795-1294 Sit Av.'),
	('Antonelli','Ap #717-1556 Consequat St.'),
	('Vitale','Ap #408-682 Consequat Street'),
	('Palumbo','Ap #544-7883 Mauris Rd.'),
	('Aiello','1990 Tempus St.'),
	('Sanna','7766 Sed Rd.'),
	('Proietti','Ap #823-8038 Libero. Avenue'),
	('Conte','P.O. Box 172, 9085 Penatibus Avenue'),
	('Conte','P.O. Box 415, 9057 Libero Street'),
	('Costantini','P.O. Box 837, 1436 Orci, Rd.'),
	('Ferrara','P.O. Box 651, 6976 Elit Street'),
	('Sorrentino','1548 In Rd.'),
	('Vitali','P.O. Box 786, 9851 Taciti Av.'),
	('Ruggiero','P.O. Box 649, 3983 Dolor Av.'),
	('Ricciardi','P.O. Box 571, 445 Eget, St.'),
	('Sanna','8894 Ac St.'),
	('Ferrante','978-9300 Sed St.'),
	('Zanetti','Ap #146-1491 Sit Ave'),
	('Valentini','836-5738 Vitae Rd.'),
	('Vitale','186-5408 Fringilla Rd.'),
	('Martinelli','Ap #995-589 Neque. St.'),
	('Martini','497 Lacus. Av.'),
	('Costa','603-8657 Tincidunt, Avenue'),
	('Ferri','P.O. Box 715, 6646 Nunc Ave'),
	('Pellegrino','P.O. Box 353, 8544 Ac Av.'),
	('Ferrante','9370 Aenean Street'),
	('Catalano','P.O. Box 164, 4979 Et, St.'),
	('Franco','Ap #985-5498 Eu, St.'),
	('Brambilla','365-5427 Odio. St.'),
	('Catalano','Ap #911-5365 Vestibulum, St.'),
	('Ferraro','P.O. Box 292, 8152 Cras Avenue');

/*
 * Query necessaria per l'inserimento di tutti i dati utili nella tabella stipendio_base
*/
INSERT INTO stipendio_base (impiego, stipendio) VALUES
	('Domiciliare_Furgone', 25.0),
	('Domiciliare_Macchina', 20.0),
	('Cassiere', 30.0),
	('Pizzaiolo', 40.0),
	('Aiuto_Pizzaiolo', 35.0);

/*
 * Query necessaria per l'inserimento di tutti i dati utili nella tabella calendario
*/
INSERT INTO calendario (giorno_chiusura, ora_apertura, ora_chiusura) VALUES 
	(1, '18:00', '22:00'),
	(2, '18:00', '22:00'),
	(3, '18:00', '22:00'),
	(4, '18:00', '22:00'),
	(5, '18:00', '22:00'),
	(6, '18:00', '22:00'),
	(7, '18:00', '22:00');

/*
 * Query necessaria per l'inserimento di tutti i dati utili nella tabella pizza
*/
INSERT INTO pizza (nome, prezzo) VALUES
	('Marinara', 4.00),
	('Margherita', 4.50),
	('Viennese', 5.00),
	('Diavola', 5.00),
	('Prosciutto cotto', 5.00),
	('Siciliana', 6.50),
	('Pugliese', 5.00),
	('Romana', 5.50),
	('Prosciutto e funghi', 6.00),
	('Misto bosco', 6.50),
	('Parmiggiana', 7.00),
	('Estate', 7.00),
	('Zucchine', 6.50),
	('Bufalina', 7.00),
	('Prosciutto e carciofi', 6.50),
	('Tonno e cipolla', 6.00),
	('4 stagioni', 6.50),
	('4 formaggi', 6.50),
	('Capricciosa', 6.50),
	('Asparagi', 5.00),
	('Gorgonzola', 5.00),
	('Inglesina', 6.00),
	('Peperoni', 5.00),
	('Philadelphia', 5.20),
	('Porchetta', 6.00),
	('Porcini', 5.50),
	('Radicchio', 4.80),
	('Rucola e grana', 5.50),
	('Tirolese', 6.00),
	('Tonno', 6.00),
	('Treviso', 5.50),
	('Turbo', 8.00),
	('Verdure ai ferri', 6.50),
	('Zingara', 7.00),
	('Bresaola rucola e grana', 7.00),
	('Brie e speck', 7.00),
	('Gamberetti', 6.00),
	('Gorgonzola e salsiccia', 6.00),
	('Gorgonzola e speck', 7.00),
	('Mari e monti', 7.00),
	('Melanzane e crudo', 8.00),
	('Melanzane e ricotta', 6.50),
	('Nick', 8.00),
	('Montanara', 8.00),
	('Porcini crudo e grana', 7.50),
	('Porcini e provola', 7.00),
	('Porcini e ricotta', 7.00),
	('Porcini e salsiccia', 7.00),
	('Salsiccia', 5.00),
	('Provola e pancetta', 6.00),
	('Provola e speck', 6.50),
	('Sfilacci', 6.50),
	('Ricotta e spinaci', 5.50),
	('Tombolina', 6.00);

/*
 * Query necessaria per l'inserimento di tutti i dati utili nella tabella ricetta
*/
INSERT INTO ricetta (pizza, ingrediente) VALUES
	('Marinara', 'Pomodoro'),
	('Marinara', 'Aglio'),
	('Marinara', 'Origano'),
	('Margherita', 'Pomodoro'),
	('Margherita', 'Mozzarella'),
	('Viennese', 'Pomodoro'),
	('Viennese', 'Mozzarella'),
	('Viennese', 'Würstel'),
	('Diavola', 'Pomodoro'),
	('Diavola', 'Mozzarella'),
	('Diavola', 'Salamino piccante'),
	('Prosciutto cotto', 'Pomodoro'),
	('Prosciutto cotto', 'Mozzarella'),
	('Prosciutto cotto', 'Prosciutto cotto'),
	('Siciliana', 'Pomodoro'),
	('Siciliana', 'Mozzarella'),
	('Siciliana', 'Acciughe'),
	('Siciliana', 'Salamino piccante'),
	('Siciliana', 'Capperi'),
	('Siciliana', 'Olive verdi'),
	('Pugliese', 'Pomodoro'),
	('Pugliese', 'Mozzarella'),
	('Pugliese', 'Cipolla bianca'),
	('Romana', 'Pomodoro'),
	('Romana', 'Mozzarella'),
	('Romana', 'Acciughe'),
	('Romana', 'Origano'),
	('Prosciutto e funghi', 'Pomodoro'),
	('Prosciutto e funghi', 'Mozzarella'),
	('Prosciutto e funghi', 'Prosciutto cotto'),
	('Prosciutto e funghi', 'Funghi'),
	('Misto bosco', 'Pomodoro'),
	('Misto bosco', 'Mozzarella'),
	('Misto bosco', 'Funghi'),
	('Parmiggiana', 'Pomodoro'),
	('Parmiggiana', 'Mozzarella'),
	('Parmiggiana', 'Melanzane'),
	('Parmiggiana', 'Grana Padano'),
	('Estate', 'Pomodoro'),
	('Estate', 'Mozzarella'),
	('Estate', 'Pomodorini'),
	('Estate', 'Basilico'),
	('Zucchine', 'Pomodoro'),
	('Zucchine', 'Mozzarella'),
	('Zucchine', 'Zucchine'),
	('Bufalina', 'Pomodoro'),
	('Bufalina', 'Mozzarella di Bufala'),
	('Prosciutto e carciofi', 'Pomodoro'),
	('Prosciutto e carciofi', 'Mozzarella'),
	('Prosciutto e carciofi', 'Prosciutto cotto'),
	('Prosciutto e carciofi', 'Carciofi'),
	('Tonno e cipolla', 'Pomodoro'),
	('Tonno e cipolla', 'Mozzarella'),
	('Tonno e cipolla', 'Tonno'),
	('Tonno e cipolla', 'Cipolla bianca'),
	('4 stagioni', 'Pomodoro'),
	('4 stagioni', 'Mozzarella'),
	('4 stagioni', 'Prosciutto cotto'),
	('4 stagioni', 'Funghi'),
	('4 stagioni', 'Carciofi'),
	('4 formaggi', 'Pomodoro'),
	('4 formaggi', 'Mozzarella'),
	('4 formaggi', 'Formaggio Gorgonzola'),
	('4 formaggi', 'Formaggio Asiago'),
	('Capricciosa', 'Pomodoro'),
	('Capricciosa', 'Mozzarella'),
	('Capricciosa', 'Prosciutto cotto'),
	('Capricciosa', 'Funghi'),
	('Capricciosa', 'Carciofi'),
	('Capricciosa', 'Capperi'),
	('Asparagi', 'Pomodoro'),
	('Asparagi', 'Mozzarella'),
	('Asparagi', 'Asparagi'),
	('Gorgonzola', 'Pomodoro'),
	('Gorgonzola', 'Mozzarella'),
	('Gorgonzola', 'Formaggio Gorgonzola'),
	('Inglesina', 'Pomodoro'),
	('Inglesina', 'Mozzarella'),
	('Inglesina', 'Prosciutto crudo'),
	('Peperoni', 'Pomodoro'),
	('Peperoni', 'Mozzarella'),
	('Peperoni', 'Peperoni al forno'),
	('Philadelphia', 'Pomodoro'),
	('Philadelphia', 'Mozzarella'),
	('Philadelphia', 'Philadelphia'),
	('Porchetta', 'Pomodoro'),
	('Porchetta', 'Mozzarella'),
	('Porchetta', 'Porchetta'),
	('Porcini', 'Pomodoro'),
	('Porcini', 'Mozzarella'),
	('Porcini', 'Funghi Porcini'),
	('Radicchio', 'Pomodoro'),
	('Radicchio', 'Mozzarella'),
	('Radicchio', 'Radicchio'),
	('Rucola e grana', 'Pomodoro'),
	('Rucola e grana', 'Mozzarella'),
	('Rucola e grana', 'Rucola'),
	('Rucola e grana', 'Grana Padano'),
	('Tirolese', 'Pomodoro'),
	('Tirolese', 'Mozzarella'),
	('Tirolese', 'Speck'),
	('Tonno', 'Pomodoro'),
	('Tonno', 'Mozzarella'),
	('Tonno', 'Tonno'),
	('Treviso', 'Pomodoro'),
	('Treviso', 'Mozzarella'),
	('Treviso', 'Radicchio di Treviso'),
	('Turbo', 'Pomodoro'),
	('Turbo', 'Mozzarella'),
	('Turbo', 'Prosciutto cotto'),
	('Turbo', 'Funghi'),
	('Turbo', 'Carciofi'),
	('Turbo', 'Olive verdi'),
	('Turbo', 'Pomodorini'),
	('Turbo', 'Asparagi'),
	('Turbo', 'Salamino piccante'),
	('Turbo', 'Würstel'),
	('Verdure ai ferri', 'Pomodoro'),
	('Verdure ai ferri', 'Mozzarella'),
	('Verdure ai ferri', 'Melanzane grigliate'),
	('Verdure ai ferri', 'Peperoni al forno'),
	('Verdure ai ferri', 'Zucchine grigliate'),
	('Zingara', 'Pomodoro'),
	('Zingara', 'Mozzarella'),
	('Zingara', 'Salamino piccante'),
	('Zingara', 'Funghi'),
	('Zingara', 'Olive'),
	('Zingara', 'Peperoni al forno'),
	('Bresaola rucola e grana', 'Pomodoro'),
	('Bresaola rucola e grana', 'Mozzarella'),
	('Bresaola rucola e grana', 'Bresaola'),
	('Bresaola rucola e grana', 'Rucola'),
	('Bresaola rucola e grana', 'Grana Padano'),
	('Brie e speck', 'Pomodoro'),
	('Brie e speck', 'Mozzarella'),
	('Brie e speck', 'Briè'),
	('Brie e speck', 'Speck'),
	('Gamberetti', 'Pomodoro'),
	('Gamberetti', 'Mozzarella'),
	('Gamberetti', 'Gamberetti'),
	('Gorgonzola e salsiccia', 'Pomodoro'),
	('Gorgonzola e salsiccia', 'Mozzarella'),
	('Gorgonzola e salsiccia', 'Formaggio Gorgonzola'),
	('Gorgonzola e salsiccia', 'Salsiccia'),
	('Gorgonzola e speck', 'Pomodoro'),
	('Gorgonzola e speck', 'Mozzarella'),
	('Gorgonzola e speck', 'Formaggio Gorgonzola'),
	('Gorgonzola e speck', 'Speck'),
	('Mari e monti', 'Pomodoro'),
	('Mari e monti', 'Mozzarella'),
	('Mari e monti', 'Funghi'),
	('Mari e monti', 'Gamberetti'),
	('Melanzane e crudo', 'Pomodoro'),
	('Melanzane e crudo', 'Mozzarella'),
	('Melanzane e crudo', 'Melanzane grigliate'),
	('Melanzane e crudo', 'Prosciutto crudo'),
	('Melanzane e ricotta', 'Pomodoro'),
	('Melanzane e ricotta', 'Mozzarella'),
	('Melanzane e ricotta', 'Melanzane grigliate'),
	('Melanzane e ricotta', 'Ricotta'),
	('Nick', 'Pomodoro'),
	('Nick', 'Mozzarella'),
	('Nick', 'Funghi Porcini'),
	('Nick', 'Pomodorini'),
	('Nick', 'Porchetta'),
	('Montanara', 'Pomodoro'),
	('Montanara', 'Mozzarella'),
	('Montanara', 'Funghi Chiodini'),
	('Montanara', 'Pancetta affumicata'),
	('Montanara', 'Formaggio Gorgonzola'),
	('Porcini crudo e grana', 'Pomodoro'),
	('Porcini crudo e grana', 'Mozzarella'),
	('Porcini crudo e grana', 'Funghi Porcini'),
	('Porcini crudo e grana', 'Prosciutto crudo'),
	('Porcini crudo e grana', 'Grana Padano'),
	('Porcini e provola', 'Pomodoro'),
	('Porcini e provola', 'Mozzarella'),
	('Porcini e provola', 'Funghi Porcini'),
	('Porcini e provola', 'Provola'),
	('Porcini e ricotta', 'Pomodoro'),
	('Porcini e ricotta', 'Mozzarella'),
	('Porcini e ricotta', 'Funghi Porcini'),
	('Porcini e ricotta', 'Ricotta'),
	('Porcini e salsiccia', 'Pomodoro'),
	('Porcini e salsiccia', 'Mozzarella'),
	('Porcini e salsiccia', 'Funghi Porcini'),
	('Porcini e salsiccia', 'Salsiccia'),
	('Salsiccia', 'Pomodoro'),
	('Salsiccia', 'Mozzarella'),
	('Salsiccia', 'Salsiccia'),
	('Provola e pancetta', 'Pomodoro'),
	('Provola e pancetta', 'Mozzarella'),
	('Provola e pancetta', 'Provola'),
	('Provola e pancetta', 'Pancetta affumicata'),
	('Provola e speck', 'Pomodoro'),
	('Provola e speck', 'Mozzarella'),
	('Provola e speck', 'Provola'),
	('Provola e speck', 'Speck'),
	('Sfilacci', 'Pomodoro'),
	('Sfilacci', 'Mozzarella'),
	('Sfilacci', 'Sfilacci di cavallo'),
	('Ricotta e spinaci', 'Pomodoro'),
	('Ricotta e spinaci', 'Mozzarella'),
	('Ricotta e spinaci', 'Ricotta'),
	('Ricotta e spinaci', 'Spinaci'),
	('Tombolina', 'Pomodoro'),
	('Tombolina', 'Mozzarella'),
	('Tombolina', 'Stracchino'),
	('Tombolina', 'Rucola');

/*
 * Query necessaria per l'inserimento di tutti i dati utili nella tabella amministrazione
*/
INSERT INTO amministrazione (mail, numero_tel, fax, indirizzo, citta, provincia) VALUES 
	('padupizza.padova@padupizza.it', '36129355654', '8231434287', 'Via Corso Stati Uniti, 15', 'Padova', 'PD'),
	('padupizza.venezia@padupizza.it', '4977997054', '7362827355', 'Via dell''Acqua, 7', 'Venezia', 'VE'),
	('padupizza.vicenza@padupizza.it', '9702131855', '3372187514', 'Via del Commercio, 22', 'Vicenza', 'VI'),
	('padupizza.verona@padupizza.it', '7770416065', '7880975558', 'Viale S. Giacomo, 67', 'Verona', 'VR'),
	('padupizza.rovigo@padupizza.it', '3191853330', '1052759226', 'Via Metteotti, 123', 'Rovigo', 'RO'),
	('padupizza.belluno@padupizza.it', '6726343802', '0682376900', 'Via Verdi, 85', 'Belluno', 'BL'),
	('padupizza.treviso@padupizza.it', '3470881897', '4146114350', 'Via Radicchio, 248', 'Treviso', 'TV');
	

	/*
	 * Query necessaria per l'inserimento di tutti i dati utili nella tabella titolare
	*/
	INSERT INTO titolare (cf, nome, cognome) VALUES 
	('FSOQNT10R24L736G', 'Quinto', 'Fois'),
	('FRNNNA09C53F839C', 'Anna', 'Fiorini'),
	('FRGPLT07P05L219P', 'Ippolito', 'Frigerio'),
	('FBBMRL03B66L736M', 'Marilu', 'Fabbri'),
	('MRSYRA07E66A662N', 'Yara', 'Amoruso'),
	('RSSGDL08P49C351J', 'Guendalina', 'Rossa'),
	('GRZCMN03D43G273F', 'Clementina', 'Graziano'),
	('MTTDTR10R04C351M', 'Demetrio', 'Motta'),
	('BRNTLL08P15G273S', 'Tullio', 'Brandi'),
	('MLNCTT02R60F205V', 'Cosetta', 'Milone'),
	('MRNMCH03B08D969X', 'Melchiorre', 'Marano'),
	('FRLDNS02B06L736J', 'Dennis', 'Furlan'),
	('GDCCLR05M46F205I', 'Clara', 'Giudici'),
	('RSOMLR08T58A662N', 'Marialaura', 'Rosi'),
	('GRDFBN07P18H501E', 'Fabiano', 'Giordani'),
	('RCCSRL02A70H501G', 'Smeralda', 'Rocco'),
	('LCNCTN10L25F205T', 'Costantino', 'Luciani'),
	('MSSVTT08L59F839H', 'Violetta', 'Massa'),
	('SCCDTL05M57L736J', 'Donatella', 'Secci'),
	('MTRTZN08P16G273X', 'Tiziano', 'Matera'),
	('PZZZEI03R31D969D', 'Ezio', 'Pizzi'),
	('GRLSBN10M44L219G', 'Sabina', 'Grilli'),
	('PLMCRN10T58G273O', 'Caterina', 'Palma'),
	('PGNDNY06T12D969Y', 'Danny', 'Pagani'),
	('CRMGSY03C63C351O', 'Giusy', 'Carminati'),
	('NNNCMN10D01H501J', 'Carmine', 'Iannone'),
	('NDRBTE02R49L736C', 'Beata', 'Andreoli'),
	('DSTCTN07B46H501L', 'Costanza', 'Distefano'),
	('LNGSNN07R45G273L', 'Susanna', 'Longo'),
	('MLNLVR05C08G273M', 'Alvaro', 'Molinari'),
	('CCCGNN06S30L736Q', 'Giovanni', 'Cicci'),
	('LRNRCC08M60H501P', 'Rebecca', 'Lorenzi'),
	('BNCRCC09C04F839K', 'Rocco', 'Bianco'),
	('GTTCRS10A56D612R', 'Clarissa', 'Gattini'),
	('ZCCCST02R43H501B', 'Cristina', 'Zucchi'),
	('BLTMTN04P58D969R', 'Martina', 'Belotti'),
	('CPPFLV07H19H501Q', 'Fulvio', 'Cappelletti'),
	('CRLRRT03P06F839K', 'Roberto', 'Carella'),
	('MLNVSS09R66A944R', 'Vanessa', 'Milone'),
	('RNDMLN08P24L219O', 'Emiliano', 'Randazzo'),
	('TNOVLR09P03F839S', 'Valerio', 'Toni');

	/*
	 * Query necessaria per l'inserimento dei dati utili nella tabella pizzeria
	*/
INSERT INTO pizzeria (calendario, titolare, amministrazione, indirizzo, citta, provincia, numero_tel) VALUES
	(3, 'MTTDTR10R04C351M', (SELECT id FROM amministrazione WHERE provincia = 'PD'), 'Via Carlo Alberto, 91', 'Padova', 'PD', '8436829189'),
	(3, 'RNDMLN08P24L219O', (SELECT id FROM amministrazione WHERE provincia = 'BL'), 'Via Montegrappa, 23', 'Sedico', 'BL', '4746914853'),
	(2, 'BLTMTN04P58D969R', (SELECT id FROM amministrazione WHERE provincia = 'VI'), 'Via San Antonio, 6', 'Vicenza', 'VI', '4217365014'),
	(1, 'MLNVSS09R66A944R', (SELECT id FROM amministrazione WHERE provincia = 'VE'), 'Via Guizze, 22', 'Mira', 'VE', '5028946910'),
	(1, 'LRNRCC08M60H501P', (SELECT id FROM amministrazione WHERE provincia = 'PD'), 'Via Mantegna, 50', 'Campodoro', 'PD', '5676162557'),
	(2, 'LNGSNN07R45G273L', (SELECT id FROM amministrazione WHERE provincia = 'VI'), 'Via San Andrea, 3', 'Creazzo','VI', '6413015460'),
	(4, 'RNDMLN08P24L219O', (SELECT id FROM amministrazione WHERE provincia = 'VR'), 'Via Casa Grande, 1', 'Caselle', 'VR', '9843444410'),
	(2, 'MRSYRA07E66A662N', (SELECT id FROM amministrazione WHERE provincia = 'PD'), 'Via Giotto, 74', 'Limena', 'PD', '9735980657'),
	(4, 'BRNTLL08P15G273S', (SELECT id FROM amministrazione WHERE provincia = 'TV'), 'Via Alberti, 64', 'Ponzano','TV', '6117664703'),
	(4, 'CRLRRT03P06F839K', (SELECT id FROM amministrazione WHERE provincia = 'PD'), 'Vicolo Garibaldi, 1', 'Mestrino', 'PD', '5619151170'),
	(3, 'FRLDNS02B06L736J', (SELECT id FROM amministrazione WHERE provincia = 'TV'), 'Via 25 Aprile, 12', 'Dosson', 'TV', '4791987322'),
	(2, 'ZCCCST02R43H501B', (SELECT id FROM amministrazione WHERE provincia = 'TV'), 'Viale Rossi, 20', 'Carbonera', 'TV', '5554459757'),
	(3, 'BLTMTN04P58D969R', (SELECT id FROM amministrazione WHERE provincia = 'VR'), 'Via Leopardi, 25', 'Marchesino', 'VR', '0494260065'),
	(1, 'BNCRCC09C04F839K', (SELECT id FROM amministrazione WHERE provincia = 'RO'), 'Via Dannunzio, 15', 'Buso', 'RO', '6674416791'),
	(1, 'MSSVTT08L59F839H', (SELECT id FROM amministrazione WHERE provincia = 'PD'), 'Via Marconi, 2C', 'Cittadella', 'PD', '5680556286'),
	(3, 'MLNVSS09R66A944R', (SELECT id FROM amministrazione WHERE provincia = 'VI'), 'Via Trento, 13B', 'Quinto Vicentino', 'VI', '8095191777'),
	(2, 'BRNTLL08P15G273S', (SELECT id FROM amministrazione WHERE provincia = 'VI'), 'Via Nogarasse, 2', 'Bertesina', 'VI', '4185865000'),
	(1, 'TNOVLR09P03F839S', (SELECT id FROM amministrazione WHERE provincia = 'RO'), 'Via Risorgimento, 17', 'Arginello', 'RO', '8124742421'),
	(4, 'CRLRRT03P06F839K', (SELECT id FROM amministrazione WHERE provincia = 'RO'), 'Via Traversagni, 25', 'Mardimago', 'RO', '1661849583'),
	(4, 'LRNRCC08M60H501P', (SELECT id FROM amministrazione WHERE provincia = 'VI'), 'Via Filzi, 38C', 'Vigardolo', 'VI', '7963563632'),
	(1, 'GRZCMN03D43G273F', (SELECT id FROM amministrazione WHERE provincia = 'VI'), 'Via Europa, 12H', 'Ospedaletto', 'VI', '0621926913'),
	(4, 'MLNLVR05C08G273M', (SELECT id FROM amministrazione WHERE provincia = 'BL'), 'Via Rometta, 108', 'Sopracroda', 'BL', '3430727641'),
	(2, 'MTTDTR10R04C351M', (SELECT id FROM amministrazione WHERE provincia = 'PD'), 'Via Monte Grappa, 2', 'Campodarsego', 'PD', '2520215915'),
	(1, 'MRSYRA07E66A662N', (SELECT id FROM amministrazione WHERE provincia = 'TV'), 'Viale della Vittora, 1', 'Boiago', 'TV', '4657348762'),
	(5, 'FBBMRL03B66L736M', (SELECT id FROM amministrazione WHERE provincia = 'VI'), 'Via Lamormora, 23', 'Cavazzale', 'VI','0292057259'),
	(3, 'FSOQNT10R24L736G', (SELECT id FROM amministrazione WHERE provincia = 'RO'), 'Via Alberie, 38', 'Stanghella', 'RO', '8009591056'),
	(3, 'GRLSBN10M44L219G', (SELECT id FROM amministrazione WHERE provincia = 'VE'), 'Via Cassola, 8', 'Mestre','VE','1395262482'),
	(1, 'LCNCTN10L25F205T', (SELECT id FROM amministrazione WHERE provincia = 'VE'), 'Via Campolongo, 83', 'Dolo', 'VE', '7583309297'),
	(1, 'RSOMLR08T58A662N', (SELECT id FROM amministrazione WHERE provincia = 'TV'), 'Via Leonardo, 65', 'Loria', 'TV', '9779985546'),
	(2, 'LNGSNN07R45G273L', (SELECT id FROM amministrazione WHERE provincia = 'VE'), 'Via Sole, 34', 'Caorle', 'VE', '4211459736'),
	(1, 'CCCGNN06S30L736Q', (SELECT id FROM amministrazione WHERE provincia = 'PD'), 'Via Vittorio Emanuele, 200', 'Cadoneghe', 'PD', '9349611179'),
	(1, 'PGNDNY06T12D969Y', (SELECT id FROM amministrazione WHERE provincia = 'VI'), 'Via dei Martiri, 34', 'Marola', 'VI', '3677188546'),
	(2, 'FBBMRL03B66L736M', (SELECT id FROM amministrazione WHERE provincia = 'VE'), 'Via Cagliari, 15', 'Marghera', 'VE', '0584908868'),
	(3, 'NDRBTE02R49L736C', (SELECT id FROM amministrazione WHERE provincia = 'RO'), 'Via Rosa, 57', 'Rovigo', 'RO', '1782909803'),
	(3, 'DSTCTN07B46H501L', (SELECT id FROM amministrazione WHERE provincia = 'BL'), 'Via Giove, 78', 'Limana', 'BL', '8067921622'),
	(5, 'ZCCCST02R43H501B', (SELECT id FROM amministrazione WHERE provincia = 'RO'), 'Via Piave, 5', 'Villamarzana', 'RO', '1611498210'),
	(4, 'LRNRCC08M60H501P', (SELECT id FROM amministrazione WHERE provincia = 'VE'), 'Via Genova, 14', 'Venezia', 'VE', '9299280539'),
	(3, 'CCCGNN06S30L736Q', (SELECT id FROM amministrazione WHERE provincia = 'VR'), 'Via Monte Asolone, 91', 'Sommavalle','VR', '0662725047'),
	(1, 'GDCCLR05M46F205I', (SELECT id FROM amministrazione WHERE provincia = 'VR'), 'Via Mira, 32', 'Giaron', 'VR', '5915846846'),
	(5, 'PGNDNY06T12D969Y', (SELECT id FROM amministrazione WHERE provincia = 'VE'), 'Via Foscolo, 8A', 'Meolo', 'VE', '4633697557'),
	(5, 'MRSYRA07E66A662N', (SELECT id FROM amministrazione WHERE provincia = 'VE'), 'Via Cesare Battisti, 2', 'Passarella', 'VE', '4878320361'),
	(1, 'FRLDNS02B06L736J', (SELECT id FROM amministrazione WHERE provincia = 'VR'), 'Via Luna, 47', 'Novaglie', 'VR', '3176886391'),
	(4, 'CRLRRT03P06F839K', (SELECT id FROM amministrazione WHERE provincia = 'TV'), 'Via Marte, 74', 'Istrana', 'TV', '5094008093'),
	(4, 'TNOVLR09P03F839S', (SELECT id FROM amministrazione WHERE provincia = 'VE'), 'Via Serato, 212', 'San Donà di Piave', 'VE', '6228365488'),
	(6, 'PGNDNY06T12D969Y', (SELECT id FROM amministrazione WHERE provincia = 'BL'), 'Viale Europa, 67', 'Feltre', 'BL', '6545174330'),
	(1, 'CPPFLV07H19H501Q', (SELECT id FROM amministrazione WHERE provincia = 'RO'), 'Via Rovigo, 3', 'Onari', 'RO', '2453352648'),
	(1, 'RNDMLN08P24L219O', (SELECT id FROM amministrazione WHERE provincia = 'BL'), 'Via Municipio 11', 'Castion', 'BL', '7624263029'),
	(3, 'FSOQNT10R24L736G', (SELECT id FROM amministrazione WHERE provincia = 'PD'), 'Via S. Pio X, 18', 'Abano Terme', 'PD', '6484917950'),
	(1, 'GRZCMN03D43G273F', (SELECT id FROM amministrazione WHERE provincia = 'VR'), 'Via Roma, 123', 'Forette', 'VR', '0376541439'),
	(3, 'BNCRCC09C04F839K', (SELECT id FROM amministrazione WHERE provincia = 'TV'), 'Via Ragazzi, 53', 'Paese', 'TV', '5331743600'),
	(5, 'FRGPLT07P05L219P', (SELECT id FROM amministrazione WHERE provincia = 'VR'), 'Via Paolini, 86', 'Corno Alto', 'VR', '4723643593'),
	(5, 'CRLRRT03P06F839K', (SELECT id FROM amministrazione WHERE provincia = 'PD'), 'Via Beato Pellegrino, 11', 'Vigodarzere', 'PD', '1680244883'),
	(3, 'MLNLVR05C08G273M', (SELECT id FROM amministrazione WHERE provincia = 'RO'), 'Via Gialla, 48', 'Sarzano','RO', '1518937351'),
	(2, 'FBBMRL03B66L736M', (SELECT id FROM amministrazione WHERE provincia = 'TV'), 'Via G. Galilei, 56', 'Treviso', 'TV', '8472832263'),
	(3, 'CPPFLV07H19H501Q', (SELECT id FROM amministrazione WHERE provincia = 'VR'), 'Via Vicenza, 21', 'Verona', 'VR', '4308896148'),
	(2, 'MTTDTR10R04C351M', (SELECT id FROM amministrazione WHERE provincia = 'TV'), 'Via Mazzini, 51', 'Castelfranco Veneto', 'TV', '6760495504'),
	(1, 'BNCRCC09C04F839K', (SELECT id FROM amministrazione WHERE provincia = 'RO'), 'Viale Pio X, 1', 'Grompo', 'RO', '7680907281'),
	(5, 'RNDMLN08P24L219O', (SELECT id FROM amministrazione WHERE provincia = 'TV'), 'Via Pasubio, 8C', 'Marcon', 'TV', '9048663539'),
	(1, 'LNGSNN07R45G273L', (SELECT id FROM amministrazione WHERE provincia = 'PD'), 'Via Grigliano, 102', 'Camposampiero','PD', '9969519017'),
	(2, 'GTTCRS10A56D612R', (SELECT id FROM amministrazione WHERE provincia = 'BL'), 'Via Garda, 10', 'Pedavena', 'BL', '9860589758'),
	(1, 'MRNMCH03B08D969X', (SELECT id FROM amministrazione WHERE provincia = 'BL'), 'Via Rosa, 57', 'Belluno', 'BL', '4240802513'),
	(3, 'GRZCMN03D43G273F', (SELECT id FROM amministrazione WHERE provincia = 'VR'), 'Via Bartoni, 6', 'Raldon', 'VR', '8336272632'),
	(3, 'FBBMRL03B66L736M', (SELECT id FROM amministrazione WHERE provincia = 'BL'), 'Via Rossa, 28', 'Collungo','BL', '0403241715'),
	(1, 'GRLSBN10M44L219G', (SELECT id FROM amministrazione WHERE provincia = 'VI'), 'Via Sicura, 45', 'Nogarazza', 'VI', '5585837265'),
	(3, 'RSSGDL08P49C351J', (SELECT id FROM amministrazione WHERE provincia = 'RO'), 'Via Rondiello, 7D', 'Bosaro', 'RO', '0178442672'),
	(4, 'CRLRRT03P06F839K', (SELECT id FROM amministrazione WHERE provincia = 'BL'), 'Via Bellinghiera, 91', 'Follina', 'BL', '8543724320'),
	(3, 'LNGSNN07R45G273L', (SELECT id FROM amministrazione WHERE provincia = 'VI'), 'Via Villetta, 91B', 'San Zeno', 'VI', '1574291852'),
	(4, 'RSSGDL08P49C351J', (SELECT id FROM amministrazione WHERE provincia = 'BL'), 'Via San Marco, 16', 'Revine', 'BL', '2047215533'),
	(1, 'MRSYRA07E66A662N', (SELECT id FROM amministrazione WHERE provincia = 'VR'), 'Via Mantegna, 21E', 'Rizza', 'VR', '7689122113'),
	(4, 'BRNTLL08P15G273S', (SELECT id FROM amministrazione WHERE provincia = 'VE'), 'Via Peraro, 2B', 'Jesolo', 'VE', '9809984297');